,Well,Strain,Bio,Tech,Media,Condition,Plate Age,mM PQ,plate,mMPQ
0,101,blank,,,CM,,23,0.0,20150517_PQ_3,0.0
1,102,asnC,A,1.0,CM,,23,0.0,20150517_PQ_3,0.0
2,103,asnC,A,2.0,CM,,23,0.0,20150517_PQ_3,0.0
3,104,asnC,A,3.0,CM,,23,0.0,20150517_PQ_3,0.0
4,105,asnC,B,1.0,CM,,23,0.0,20150517_PQ_3,0.0
5,106,asnC,B,2.0,CM,,23,0.0,20150517_PQ_3,0.0
6,107,asnC,B,3.0,CM,,23,0.0,20150517_PQ_3,0.0
7,108,asnC,C,1.0,CM,,23,0.0,20150517_PQ_3,0.0
8,109,asnC,C,2.0,CM,,23,0.0,20150517_PQ_3,0.0
9,110,blank,,,CM,,23,0.0,20150517_PQ_3,0.0
10,111,asnC,C,3.0,CM,,23,0.0,20150517_PQ_3,0.0
11,112,asnC,D,1.0,CM,,23,0.0,20150517_PQ_3,0.0
12,113,asnC,D,2.0,CM,,23,0.0,20150517_PQ_3,0.0
13,114,asnC,D,3.0,CM,,23,0.0,20150517_PQ_3,0.0
14,115,trh2,A,1.0,CM,,23,0.0,20150517_PQ_3,0.0
15,116,trh2,A,2.0,CM,,23,0.0,20150517_PQ_3,0.0
16,117,trh2,A,3.0,CM,,23,0.0,20150517_PQ_3,0.0
17,118,trh2,B,1.0,CM,,23,0.0,20150517_PQ_3,0.0
18,119,trh2,B,2.0,CM,,23,0.0,20150517_PQ_3,0.0
19,120,trh2,B,3.0,CM,,23,0.0,20150517_PQ_3,0.0
20,121,trh2,C,1.0,CM,,23,0.0,20150517_PQ_3,0.0
21,122,trh2,C,2.0,CM,,23,0.0,20150517_PQ_3,0.0
22,123,trh2,C,3.0,CM,,23,0.0,20150517_PQ_3,0.0
23,124,trh2,D,1.0,CM,,23,0.0,20150517_PQ_3,0.0
24,125,trh2,D,2.0,CM,,23,0.0,20150517_PQ_3,0.0
25,126,trh2,D,3.0,CM,,23,0.0,20150517_PQ_3,0.0
26,127,ura3,A,1.0,CM,,23,0.0,20150517_PQ_3,0.0
27,128,ura3,A,2.0,CM,,23,0.0,20150517_PQ_3,0.0
28,129,ura3,A,3.0,CM,,23,0.0,20150517_PQ_3,0.0
29,130,ura3,B,1.0,CM,,23,0.0,20150517_PQ_3,0.0
30,131,ura3,B,2.0,CM,,23,0.0,20150517_PQ_3,0.0
31,132,ura3,B,3.0,CM,,23,0.0,20150517_PQ_3,0.0
32,133,ura3,C,1.0,CM,,23,0.0,20150517_PQ_3,0.0
33,134,ura3,C,2.0,CM,,23,0.0,20150517_PQ_3,0.0
34,135,ura3,C,3.0,CM,,23,0.0,20150517_PQ_3,0.0
35,136,ura3,D,1.0,CM,,23,0.0,20150517_PQ_3,0.0
36,137,ura3,D,2.0,CM,,23,0.0,20150517_PQ_3,0.0
37,138,ura3,D,3.0,CM,,23,0.0,20150517_PQ_3,0.0
38,139,trh3,A,1.0,CM,,23,0.0,20150517_PQ_3,0.0
39,140,trh3,A,2.0,CM,,23,0.0,20150517_PQ_3,0.0
40,141,trh3,A,3.0,CM,,23,0.0,20150517_PQ_3,0.0
41,142,trh3,B,1.0,CM,,23,0.0,20150517_PQ_3,0.0
42,143,trh3,B,2.0,CM,,23,0.0,20150517_PQ_3,0.0
43,144,trh3,B,3.0,CM,,23,0.0,20150517_PQ_3,0.0
44,145,trh3,C,1.0,CM,,23,0.0,20150517_PQ_3,0.0
45,146,trh3,C,2.0,CM,,23,0.0,20150517_PQ_3,0.0
46,147,trh3,C,3.0,CM,,23,0.0,20150517_PQ_3,0.0
47,148,trh3,D,1.0,CM,,23,0.0,20150517_PQ_3,0.0
48,149,trh3,D,2.0,CM,,23,0.0,20150517_PQ_3,0.0
49,150,trh3,D,3.0,CM,,23,0.0,20150517_PQ_3,0.0
50,151,trh4,A,1.0,CM,,23,0.0,20150517_PQ_3,0.0
51,152,trh4,A,2.0,CM,,23,0.0,20150517_PQ_3,0.0
52,153,trh4,A,3.0,CM,,23,0.0,20150517_PQ_3,0.0
53,154,trh4,B,1.0,CM,,23,0.0,20150517_PQ_3,0.0
54,155,trh4,B,2.0,CM,,23,0.0,20150517_PQ_3,0.0
55,156,trh4,B,3.0,CM,,23,0.0,20150517_PQ_3,0.0
56,157,trh4,C,1.0,CM,,23,0.0,20150517_PQ_3,0.0
57,158,trh4,C,2.0,CM,,23,0.0,20150517_PQ_3,0.0
58,159,trh4,C,3.0,CM,,23,0.0,20150517_PQ_3,0.0
59,160,trh4,D,1.0,CM,,23,0.0,20150517_PQ_3,0.0
60,161,trh4,D,2.0,CM,,23,0.0,20150517_PQ_3,0.0
61,162,trh4,D,3.0,CM,,23,0.0,20150517_PQ_3,0.0
62,163,asnC,A,1.0,CM,0.083mM PQ,23,0.083,20150517_PQ_3,0.083
63,164,asnC,A,2.0,CM,0.083mM PQ,23,0.083,20150517_PQ_3,0.083
64,165,asnC,A,3.0,CM,0.083mM PQ,23,0.083,20150517_PQ_3,0.083
65,166,asnC,B,1.0,CM,0.083mM PQ,23,0.083,20150517_PQ_3,0.083
66,167,asnC,B,2.0,CM,0.083mM PQ,23,0.083,20150517_PQ_3,0.083
67,168,asnC,B,3.0,CM,0.083mM PQ,23,0.083,20150517_PQ_3,0.083
68,169,asnC,C,1.0,CM,0.083mM PQ,23,0.083,20150517_PQ_3,0.083
69,170,asnC,C,2.0,CM,0.083mM PQ,23,0.083,20150517_PQ_3,0.083
70,171,asnC,C,3.0,CM,0.083mM PQ,23,0.083,20150517_PQ_3,0.083
71,172,asnC,D,1.0,CM,0.083mM PQ,23,0.083,20150517_PQ_3,0.083
72,173,asnC,D,2.0,CM,0.083mM PQ,23,0.083,20150517_PQ_3,0.083
73,174,asnC,D,3.0,CM,0.083mM PQ,23,0.083,20150517_PQ_3,0.083
74,175,trh2,A,1.0,CM,0.083mM PQ,23,0.083,20150517_PQ_3,0.083
75,176,trh2,A,2.0,CM,0.083mM PQ,23,0.083,20150517_PQ_3,0.083
76,177,trh2,A,3.0,CM,0.083mM PQ,23,0.083,20150517_PQ_3,0.083
77,178,trh2,B,1.0,CM,0.083mM PQ,23,0.083,20150517_PQ_3,0.083
78,179,trh2,B,2.0,CM,0.083mM PQ,23,0.083,20150517_PQ_3,0.083
79,180,trh2,B,3.0,CM,0.083mM PQ,23,0.083,20150517_PQ_3,0.083
80,181,trh2,C,1.0,CM,0.083mM PQ,23,0.083,20150517_PQ_3,0.083
81,182,trh2,C,2.0,CM,0.083mM PQ,23,0.083,20150517_PQ_3,0.083
82,183,trh2,C,3.0,CM,0.083mM PQ,23,0.083,20150517_PQ_3,0.083
83,184,trh2,D,1.0,CM,0.083mM PQ,23,0.083,20150517_PQ_3,0.083
84,185,trh2,D,2.0,CM,0.083mM PQ,23,0.083,20150517_PQ_3,0.083
85,186,trh2,D,3.0,CM,0.083mM PQ,23,0.083,20150517_PQ_3,0.083
86,187,ura3,A,1.0,CM,0.083mM PQ,23,0.083,20150517_PQ_3,0.083
87,188,ura3,A,2.0,CM,0.083mM PQ,23,0.083,20150517_PQ_3,0.083
88,189,ura3,A,3.0,CM,0.083mM PQ,23,0.083,20150517_PQ_3,0.083
89,190,ura3,B,1.0,CM,0.083mM PQ,23,0.083,20150517_PQ_3,0.083
90,191,blank,,,CM,,23,0.0,20150517_PQ_3,0.0
91,192,ura3,B,2.0,CM,0.083mM PQ,23,0.083,20150517_PQ_3,0.083
92,193,ura3,B,3.0,CM,0.083mM PQ,23,0.083,20150517_PQ_3,0.083
93,194,ura3,C,1.0,CM,0.083mM PQ,23,0.083,20150517_PQ_3,0.083
94,195,ura3,C,2.0,CM,0.083mM PQ,23,0.083,20150517_PQ_3,0.083
95,196,ura3,C,3.0,CM,0.083mM PQ,23,0.083,20150517_PQ_3,0.083
96,197,ura3,D,1.0,CM,0.083mM PQ,23,0.083,20150517_PQ_3,0.083
97,198,ura3,D,2.0,CM,0.083mM PQ,23,0.083,20150517_PQ_3,0.083
98,199,ura3,D,3.0,CM,0.083mM PQ,23,0.083,20150517_PQ_3,0.083
99,200,blank,,,CM,,23,0.0,20150517_PQ_3,0.0
100,201,blank,,,CM,,23,0.0,20150517_PQ_3,0.0
101,202,trh3,A,1.0,CM,0.083mM PQ,23,0.083,20150517_PQ_3,0.083
102,203,trh3,A,2.0,CM,0.083mM PQ,23,0.083,20150517_PQ_3,0.083
103,204,trh3,A,3.0,CM,0.083mM PQ,23,0.083,20150517_PQ_3,0.083
104,205,trh3,B,1.0,CM,0.083mM PQ,23,0.083,20150517_PQ_3,0.083
105,206,trh3,B,2.0,CM,0.083mM PQ,23,0.083,20150517_PQ_3,0.083
106,207,trh3,B,3.0,CM,0.083mM PQ,23,0.083,20150517_PQ_3,0.083
107,208,trh3,C,1.0,CM,0.083mM PQ,23,0.083,20150517_PQ_3,0.083
108,209,trh3,C,2.0,CM,0.083mM PQ,23,0.083,20150517_PQ_3,0.083
109,210,blank,,,CM,0.083mM PQ,23,0.0,20150517_PQ_3,0.0
110,211,trh3,C,3.0,CM,0.083mM PQ,23,0.083,20150517_PQ_3,0.083
111,212,trh3,D,1.0,CM,0.083mM PQ,23,0.083,20150517_PQ_3,0.083
112,213,trh3,D,2.0,CM,0.083mM PQ,23,0.083,20150517_PQ_3,0.083
113,214,trh3,D,3.0,CM,0.083mM PQ,23,0.083,20150517_PQ_3,0.083
114,215,trh4,A,1.0,CM,0.083mM PQ,23,0.083,20150517_PQ_3,0.083
115,216,trh4,A,2.0,CM,0.083mM PQ,23,0.083,20150517_PQ_3,0.083
116,217,trh4,A,3.0,CM,0.083mM PQ,23,0.083,20150517_PQ_3,0.083
117,218,trh4,B,1.0,CM,0.083mM PQ,23,0.083,20150517_PQ_3,0.083
118,219,trh4,B,2.0,CM,0.083mM PQ,23,0.083,20150517_PQ_3,0.083
119,220,trh4,B,3.0,CM,0.083mM PQ,23,0.083,20150517_PQ_3,0.083
120,221,trh4,C,1.0,CM,0.083mM PQ,23,0.083,20150517_PQ_3,0.083
121,222,trh4,C,2.0,CM,0.083mM PQ,23,0.083,20150517_PQ_3,0.083
122,223,trh4,C,3.0,CM,0.083mM PQ,23,0.083,20150517_PQ_3,0.083
123,224,trh4,D,1.0,CM,0.083mM PQ,23,0.083,20150517_PQ_3,0.083
124,225,trh4,D,2.0,CM,0.083mM PQ,23,0.083,20150517_PQ_3,0.083
125,226,trh4,D,3.0,CM,0.083mM PQ,23,0.083,20150517_PQ_3,0.083
126,227,asnC,A,1.0,CM,0.333mM PQ,23,0.083,20150517_PQ_3,0.083
127,228,asnC,A,2.0,CM,0.333mM PQ,23,0.083,20150517_PQ_3,0.083
128,229,asnC,A,3.0,CM,0.333mM PQ,23,0.083,20150517_PQ_3,0.083
129,230,asnC,B,1.0,CM,0.333mM PQ,23,0.083,20150517_PQ_3,0.083
130,231,asnC,B,2.0,CM,0.333mM PQ,23,0.083,20150517_PQ_3,0.083
131,232,asnC,B,3.0,CM,0.333mM PQ,23,0.083,20150517_PQ_3,0.083
132,233,asnC,C,1.0,CM,0.333mM PQ,23,0.083,20150517_PQ_3,0.083
133,234,asnC,C,2.0,CM,0.333mM PQ,23,0.083,20150517_PQ_3,0.083
134,235,asnC,C,3.0,CM,0.333mM PQ,23,0.083,20150517_PQ_3,0.083
135,236,asnC,D,1.0,CM,0.333mM PQ,23,0.083,20150517_PQ_3,0.083
136,237,asnC,D,2.0,CM,0.333mM PQ,23,0.083,20150517_PQ_3,0.083
137,238,asnC,D,3.0,CM,0.333mM PQ,23,0.083,20150517_PQ_3,0.083
138,239,trh2,A,1.0,CM,0.333mM PQ,23,0.083,20150517_PQ_3,0.083
139,240,trh2,A,2.0,CM,0.333mM PQ,23,0.083,20150517_PQ_3,0.083
140,241,trh2,A,3.0,CM,0.333mM PQ,23,0.083,20150517_PQ_3,0.083
141,242,trh2,B,1.0,CM,0.333mM PQ,23,0.083,20150517_PQ_3,0.083
142,243,trh2,B,2.0,CM,0.333mM PQ,23,0.083,20150517_PQ_3,0.083
143,244,trh2,B,3.0,CM,0.333mM PQ,23,0.083,20150517_PQ_3,0.083
144,245,trh2,C,1.0,CM,0.333mM PQ,23,0.083,20150517_PQ_3,0.083
145,246,trh2,C,2.0,CM,0.333mM PQ,23,0.083,20150517_PQ_3,0.083
146,247,trh2,C,3.0,CM,0.333mM PQ,23,0.083,20150517_PQ_3,0.083
147,248,trh2,D,1.0,CM,0.333mM PQ,23,0.083,20150517_PQ_3,0.083
148,249,trh2,D,2.0,CM,0.333mM PQ,23,0.083,20150517_PQ_3,0.083
149,250,trh2,D,3.0,CM,0.333mM PQ,23,0.083,20150517_PQ_3,0.083
150,251,ura3,A,1.0,CM,0.333mM PQ,23,0.083,20150517_PQ_3,0.083
151,252,ura3,A,2.0,CM,0.333mM PQ,23,0.083,20150517_PQ_3,0.083
152,253,ura3,A,3.0,CM,0.333mM PQ,23,0.083,20150517_PQ_3,0.083
153,254,ura3,B,1.0,CM,0.333mM PQ,23,0.083,20150517_PQ_3,0.083
154,255,ura3,B,2.0,CM,0.333mM PQ,23,0.083,20150517_PQ_3,0.083
155,256,ura3,B,3.0,CM,0.333mM PQ,23,0.083,20150517_PQ_3,0.083
156,257,ura3,C,1.0,CM,0.333mM PQ,23,0.083,20150517_PQ_3,0.083
157,258,ura3,C,2.0,CM,0.333mM PQ,23,0.083,20150517_PQ_3,0.083
158,259,ura3,C,3.0,CM,0.333mM PQ,23,0.083,20150517_PQ_3,0.083
159,260,ura3,D,1.0,CM,0.333mM PQ,23,0.083,20150517_PQ_3,0.083
160,261,ura3,D,2.0,CM,0.333mM PQ,23,0.083,20150517_PQ_3,0.083
161,262,ura3,D,3.0,CM,0.333mM PQ,23,0.083,20150517_PQ_3,0.083
162,263,trh3,A,1.0,CM,0.333mM PQ,23,0.083,20150517_PQ_3,0.083
163,264,trh3,A,2.0,CM,0.333mM PQ,23,0.083,20150517_PQ_3,0.083
164,265,trh3,A,3.0,CM,0.333mM PQ,23,0.083,20150517_PQ_3,0.083
165,266,trh3,B,1.0,CM,0.333mM PQ,23,0.083,20150517_PQ_3,0.083
166,267,trh3,B,2.0,CM,0.333mM PQ,23,0.083,20150517_PQ_3,0.083
167,268,trh3,B,3.0,CM,0.333mM PQ,23,0.083,20150517_PQ_3,0.083
168,269,trh3,C,1.0,CM,0.333mM PQ,23,0.083,20150517_PQ_3,0.083
169,270,trh3,C,2.0,CM,0.333mM PQ,23,0.083,20150517_PQ_3,0.083
170,271,trh3,C,3.0,CM,0.333mM PQ,23,0.083,20150517_PQ_3,0.083
171,272,trh3,D,1.0,CM,0.333mM PQ,23,0.083,20150517_PQ_3,0.083
172,273,trh3,D,2.0,CM,0.333mM PQ,23,0.083,20150517_PQ_3,0.083
173,274,trh3,D,3.0,CM,0.333mM PQ,23,0.083,20150517_PQ_3,0.083
174,275,trh4,A,1.0,CM,0.333mM PQ,23,0.083,20150517_PQ_3,0.083
175,276,trh4,A,2.0,CM,0.333mM PQ,23,0.083,20150517_PQ_3,0.083
176,277,trh4,A,3.0,CM,0.333mM PQ,23,0.083,20150517_PQ_3,0.083
177,278,trh4,B,1.0,CM,0.333mM PQ,23,0.083,20150517_PQ_3,0.083
178,279,trh4,B,2.0,CM,0.333mM PQ,23,0.083,20150517_PQ_3,0.083
179,280,trh4,B,3.0,CM,0.333mM PQ,23,0.083,20150517_PQ_3,0.083
180,281,trh4,C,1.0,CM,0.333mM PQ,23,0.083,20150517_PQ_3,0.083
181,282,trh4,C,2.0,CM,0.333mM PQ,23,0.083,20150517_PQ_3,0.083
182,283,trh4,C,3.0,CM,0.333mM PQ,23,0.083,20150517_PQ_3,0.083
183,284,trh4,D,1.0,CM,0.333mM PQ,23,0.083,20150517_PQ_3,0.083
184,285,trh4,D,2.0,CM,0.333mM PQ,23,0.083,20150517_PQ_3,0.083
185,286,trh4,D,3.0,CM,0.333mM PQ,23,0.083,20150517_PQ_3,0.083
186,287,blank,,,CM,,23,0.0,20150517_PQ_3,0.0
187,288,blank,,,CM,,23,0.0,20150517_PQ_3,0.0
188,289,blank,,,CM,,23,0.0,20150517_PQ_3,0.0
189,290,blank,,,CM,,23,0.0,20150517_PQ_3,0.0
190,291,blank,,,CM,,23,0.0,20150517_PQ_3,0.0
191,292,blank,,,CM,,23,0.0,20150517_PQ_3,0.0
192,293,blank,,,CM,,23,0.0,20150517_PQ_3,0.0
193,294,blank,,,CM,,23,0.0,20150517_PQ_3,0.0
194,295,blank,,,CM,,23,0.0,20150517_PQ_3,0.0
195,296,blank,,,CM,,23,0.0,20150517_PQ_3,0.0
196,297,blank,,,CM,,23,0.0,20150517_PQ_3,0.0
197,298,blank,,,CM,,23,0.0,20150517_PQ_3,0.0
198,299,blank,,,CM,,23,0.0,20150517_PQ_3,0.0
199,300,blank,,,CM,,23,0.0,20150517_PQ_3,0.0
200,101,blank,,,CM,,41,0.0,20150607_PQ_4,0.0
201,102,rosR,A,1.0,CM,,41,0.0,20150607_PQ_4,0.0
202,103,rosR,A,2.0,CM,,41,0.0,20150607_PQ_4,0.0
203,104,rosR,A,3.0,CM,,41,0.0,20150607_PQ_4,0.0
204,105,rosR,B,1.0,CM,,41,0.0,20150607_PQ_4,0.0
205,106,rosR,B,2.0,CM,,41,0.0,20150607_PQ_4,0.0
206,107,rosR,B,3.0,CM,,41,0.0,20150607_PQ_4,0.0
207,108,rosR,C,1.0,CM,,41,0.0,20150607_PQ_4,0.0
208,109,rosR,C,2.0,CM,,41,0.0,20150607_PQ_4,0.0
209,110,blank,,,CM,,41,0.0,20150607_PQ_4,0.0
210,111,rosR,C,3.0,CM,,41,0.0,20150607_PQ_4,0.0
211,112,rosR,D,1.0,CM,,41,0.0,20150607_PQ_4,0.0
212,113,rosR,D,2.0,CM,,41,0.0,20150607_PQ_4,0.0
213,114,rosR,D,3.0,CM,,41,0.0,20150607_PQ_4,0.0
214,115,VNG0194H,A,1.0,CM,,41,0.0,20150607_PQ_4,0.0
215,116,VNG0194H,A,2.0,CM,,41,0.0,20150607_PQ_4,0.0
216,117,VNG0194H,A,3.0,CM,,41,0.0,20150607_PQ_4,0.0
217,118,VNG0194H,B,1.0,CM,,41,0.0,20150607_PQ_4,0.0
218,119,VNG0194H,B,2.0,CM,,41,0.0,20150607_PQ_4,0.0
219,120,VNG0194H,B,3.0,CM,,41,0.0,20150607_PQ_4,0.0
220,121,VNG0194H,C,1.0,CM,,41,0.0,20150607_PQ_4,0.0
221,122,VNG0194H,C,2.0,CM,,41,0.0,20150607_PQ_4,0.0
222,123,VNG0194H,C,3.0,CM,,41,0.0,20150607_PQ_4,0.0
223,124,VNG0194H,D,1.0,CM,,41,0.0,20150607_PQ_4,0.0
224,125,VNG0194H,D,2.0,CM,,41,0.0,20150607_PQ_4,0.0
225,126,VNG0194H,D,3.0,CM,,41,0.0,20150607_PQ_4,0.0
226,127,hrg,A,1.0,CM,,41,0.0,20150607_PQ_4,0.0
227,128,hrg,A,2.0,CM,,41,0.0,20150607_PQ_4,0.0
228,129,hrg,A,3.0,CM,,41,0.0,20150607_PQ_4,0.0
229,130,hrg,B,1.0,CM,,41,0.0,20150607_PQ_4,0.0
230,131,hrg,B,2.0,CM,,41,0.0,20150607_PQ_4,0.0
231,132,hrg,B,3.0,CM,,41,0.0,20150607_PQ_4,0.0
232,133,hrg,C,1.0,CM,,41,0.0,20150607_PQ_4,0.0
233,134,hrg,C,2.0,CM,,41,0.0,20150607_PQ_4,0.0
234,135,hrg,C,3.0,CM,,41,0.0,20150607_PQ_4,0.0
235,136,hrg,D,1.0,CM,,41,0.0,20150607_PQ_4,0.0
236,137,hrg,D,2.0,CM,,41,0.0,20150607_PQ_4,0.0
237,138,hrg,D,3.0,CM,,41,0.0,20150607_PQ_4,0.0
238,139,ura3,A,1.0,CM,,41,0.0,20150607_PQ_4,0.0
239,140,ura3,A,2.0,CM,,41,0.0,20150607_PQ_4,0.0
240,141,ura3,A,3.0,CM,,41,0.0,20150607_PQ_4,0.0
241,142,ura3,B,1.0,CM,,41,0.0,20150607_PQ_4,0.0
242,143,ura3,B,2.0,CM,,41,0.0,20150607_PQ_4,0.0
243,144,ura3,B,3.0,CM,,41,0.0,20150607_PQ_4,0.0
244,145,ura3,C,1.0,CM,,41,0.0,20150607_PQ_4,0.0
245,146,ura3,C,2.0,CM,,41,0.0,20150607_PQ_4,0.0
246,147,ura3,C,3.0,CM,,41,0.0,20150607_PQ_4,0.0
247,148,ura3,D,1.0,CM,,41,0.0,20150607_PQ_4,0.0
248,149,ura3,D,2.0,CM,,41,0.0,20150607_PQ_4,0.0
249,150,ura3,D,3.0,CM,,41,0.0,20150607_PQ_4,0.0
250,151,hlx2,A,1.0,CM,,41,0.0,20150607_PQ_4,0.0
251,152,hlx2,A,2.0,CM,,41,0.0,20150607_PQ_4,0.0
252,153,hlx2,A,3.0,CM,,41,0.0,20150607_PQ_4,0.0
253,154,hlx2,B,1.0,CM,,41,0.0,20150607_PQ_4,0.0
254,155,hlx2,B,2.0,CM,,41,0.0,20150607_PQ_4,0.0
255,156,hlx2,B,3.0,CM,,41,0.0,20150607_PQ_4,0.0
256,157,hlx2,C,1.0,CM,,41,0.0,20150607_PQ_4,0.0
257,158,hlx2,C,2.0,CM,,41,0.0,20150607_PQ_4,0.0
258,159,hlx2,C,3.0,CM,,41,0.0,20150607_PQ_4,0.0
259,160,hlx2,D,1.0,CM,,41,0.0,20150607_PQ_4,0.0
260,161,hlx2,D,2.0,CM,,41,0.0,20150607_PQ_4,0.0
261,162,hlx2,D,3.0,CM,,41,0.0,20150607_PQ_4,0.0
262,163,rosR,A,1.0,CM,0.083mM PQ,41,0.083,20150607_PQ_4,0.083
263,164,rosR,A,2.0,CM,0.083mM PQ,41,0.083,20150607_PQ_4,0.083
264,165,rosR,A,3.0,CM,0.083mM PQ,41,0.083,20150607_PQ_4,0.083
265,166,rosR,B,1.0,CM,0.083mM PQ,41,0.083,20150607_PQ_4,0.083
266,167,rosR,B,2.0,CM,0.083mM PQ,41,0.083,20150607_PQ_4,0.083
267,168,rosR,B,3.0,CM,0.083mM PQ,41,0.083,20150607_PQ_4,0.083
268,169,rosR,C,1.0,CM,0.083mM PQ,41,0.083,20150607_PQ_4,0.083
269,170,rosR,C,2.0,CM,0.083mM PQ,41,0.083,20150607_PQ_4,0.083
270,171,rosR,C,3.0,CM,0.083mM PQ,41,0.083,20150607_PQ_4,0.083
271,172,rosR,D,1.0,CM,0.083mM PQ,41,0.083,20150607_PQ_4,0.083
272,173,rosR,D,2.0,CM,0.083mM PQ,41,0.083,20150607_PQ_4,0.083
273,174,rosR,D,3.0,CM,0.083mM PQ,41,0.083,20150607_PQ_4,0.083
274,175,VNG0194H,A,1.0,CM,0.083mM PQ,41,0.083,20150607_PQ_4,0.083
275,176,VNG0194H,A,2.0,CM,0.083mM PQ,41,0.083,20150607_PQ_4,0.083
276,177,VNG0194H,A,3.0,CM,0.083mM PQ,41,0.083,20150607_PQ_4,0.083
277,178,VNG0194H,B,1.0,CM,0.083mM PQ,41,0.083,20150607_PQ_4,0.083
278,179,VNG0194H,B,2.0,CM,0.083mM PQ,41,0.083,20150607_PQ_4,0.083
279,180,VNG0194H,B,3.0,CM,0.083mM PQ,41,0.083,20150607_PQ_4,0.083
280,181,VNG0194H,C,1.0,CM,0.083mM PQ,41,0.083,20150607_PQ_4,0.083
281,182,VNG0194H,C,2.0,CM,0.083mM PQ,41,0.083,20150607_PQ_4,0.083
282,183,VNG0194H,C,3.0,CM,0.083mM PQ,41,0.083,20150607_PQ_4,0.083
283,184,VNG0194H,D,1.0,CM,0.083mM PQ,41,0.083,20150607_PQ_4,0.083
284,185,VNG0194H,D,2.0,CM,0.083mM PQ,41,0.083,20150607_PQ_4,0.083
285,186,VNG0194H,D,3.0,CM,0.083mM PQ,41,0.083,20150607_PQ_4,0.083
286,187,hrg,A,1.0,CM,0.083mM PQ,41,0.083,20150607_PQ_4,0.083
287,188,hrg,A,2.0,CM,0.083mM PQ,41,0.083,20150607_PQ_4,0.083
288,189,hrg,A,3.0,CM,0.083mM PQ,41,0.083,20150607_PQ_4,0.083
289,190,hrg,B,1.0,CM,0.083mM PQ,41,0.083,20150607_PQ_4,0.083
290,191,blank,,,CM,,41,0.0,20150607_PQ_4,0.0
291,192,hrg,B,2.0,CM,0.083mM PQ,41,0.083,20150607_PQ_4,0.083
292,193,hrg,B,3.0,CM,0.083mM PQ,41,0.083,20150607_PQ_4,0.083
293,194,hrg,C,1.0,CM,0.083mM PQ,41,0.083,20150607_PQ_4,0.083
294,195,hrg,C,2.0,CM,0.083mM PQ,41,0.083,20150607_PQ_4,0.083
295,196,hrg,C,3.0,CM,0.083mM PQ,41,0.083,20150607_PQ_4,0.083
296,197,hrg,D,1.0,CM,0.083mM PQ,41,0.083,20150607_PQ_4,0.083
297,198,hrg,D,2.0,CM,0.083mM PQ,41,0.083,20150607_PQ_4,0.083
298,199,hrg,D,3.0,CM,0.083mM PQ,41,0.083,20150607_PQ_4,0.083
299,200,blank,,,CM,,41,0.0,20150607_PQ_4,0.0
300,201,blank,,,CM,,41,0.0,20150607_PQ_4,0.0
301,202,ura3,A,1.0,CM,0.083mM PQ,41,0.083,20150607_PQ_4,0.083
302,203,ura3,A,2.0,CM,0.083mM PQ,41,0.083,20150607_PQ_4,0.083
303,204,ura3,A,3.0,CM,0.083mM PQ,41,0.083,20150607_PQ_4,0.083
304,205,ura3,B,1.0,CM,0.083mM PQ,41,0.083,20150607_PQ_4,0.083
305,206,ura3,B,2.0,CM,0.083mM PQ,41,0.083,20150607_PQ_4,0.083
306,207,ura3,B,3.0,CM,0.083mM PQ,41,0.083,20150607_PQ_4,0.083
307,208,ura3,C,1.0,CM,0.083mM PQ,41,0.083,20150607_PQ_4,0.083
308,209,ura3,C,2.0,CM,0.083mM PQ,41,0.083,20150607_PQ_4,0.083
309,210,blank,,,CM,0.083mM PQ,41,0.083,20150607_PQ_4,0.083
310,211,ura3,C,3.0,CM,0.083mM PQ,41,0.083,20150607_PQ_4,0.083
311,212,ura3,D,1.0,CM,0.083mM PQ,41,0.083,20150607_PQ_4,0.083
312,213,ura3,D,2.0,CM,0.083mM PQ,41,0.083,20150607_PQ_4,0.083
313,214,ura3,D,3.0,CM,0.083mM PQ,41,0.083,20150607_PQ_4,0.083
314,215,hlx2,A,1.0,CM,0.083mM PQ,41,0.083,20150607_PQ_4,0.083
315,216,hlx2,A,2.0,CM,0.083mM PQ,41,0.083,20150607_PQ_4,0.083
316,217,hlx2,A,3.0,CM,0.083mM PQ,41,0.083,20150607_PQ_4,0.083
317,218,hlx2,B,1.0,CM,0.083mM PQ,41,0.083,20150607_PQ_4,0.083
318,219,hlx2,B,2.0,CM,0.083mM PQ,41,0.083,20150607_PQ_4,0.083
319,220,hlx2,B,3.0,CM,0.083mM PQ,41,0.083,20150607_PQ_4,0.083
320,221,hlx2,C,1.0,CM,0.083mM PQ,41,0.083,20150607_PQ_4,0.083
321,222,hlx2,C,2.0,CM,0.083mM PQ,41,0.083,20150607_PQ_4,0.083
322,223,hlx2,C,3.0,CM,0.083mM PQ,41,0.083,20150607_PQ_4,0.083
323,224,hlx2,D,1.0,CM,0.083mM PQ,41,0.083,20150607_PQ_4,0.083
324,225,hlx2,D,2.0,CM,0.083mM PQ,41,0.083,20150607_PQ_4,0.083
325,226,hlx2,D,3.0,CM,0.083mM PQ,41,0.083,20150607_PQ_4,0.083
326,227,rosR,A,1.0,CM,0.333mM PQ,41,0.083,20150607_PQ_4,0.083
327,228,rosR,A,2.0,CM,0.333mM PQ,41,0.083,20150607_PQ_4,0.083
328,229,rosR,A,3.0,CM,0.333mM PQ,41,0.083,20150607_PQ_4,0.083
329,230,rosR,B,1.0,CM,0.333mM PQ,41,0.083,20150607_PQ_4,0.083
330,231,rosR,B,2.0,CM,0.333mM PQ,41,0.083,20150607_PQ_4,0.083
331,232,rosR,B,3.0,CM,0.333mM PQ,41,0.083,20150607_PQ_4,0.083
332,233,rosR,C,1.0,CM,0.333mM PQ,41,0.083,20150607_PQ_4,0.083
333,234,rosR,C,2.0,CM,0.333mM PQ,41,0.083,20150607_PQ_4,0.083
334,235,rosR,C,3.0,CM,0.333mM PQ,41,0.083,20150607_PQ_4,0.083
335,236,rosR,D,1.0,CM,0.333mM PQ,41,0.083,20150607_PQ_4,0.083
336,237,rosR,D,2.0,CM,0.333mM PQ,41,0.083,20150607_PQ_4,0.083
337,238,rosR,D,3.0,CM,0.333mM PQ,41,0.083,20150607_PQ_4,0.083
338,239,VNG0194H,A,1.0,CM,0.333mM PQ,41,0.083,20150607_PQ_4,0.083
339,240,VNG0194H,A,2.0,CM,0.333mM PQ,41,0.083,20150607_PQ_4,0.083
340,241,VNG0194H,A,3.0,CM,0.333mM PQ,41,0.083,20150607_PQ_4,0.083
341,242,VNG0194H,B,1.0,CM,0.333mM PQ,41,0.083,20150607_PQ_4,0.083
342,243,VNG0194H,B,2.0,CM,0.333mM PQ,41,0.083,20150607_PQ_4,0.083
343,244,VNG0194H,B,3.0,CM,0.333mM PQ,41,0.083,20150607_PQ_4,0.083
344,245,VNG0194H,C,1.0,CM,0.333mM PQ,41,0.083,20150607_PQ_4,0.083
345,246,VNG0194H,C,2.0,CM,0.333mM PQ,41,0.083,20150607_PQ_4,0.083
346,247,VNG0194H,C,3.0,CM,0.333mM PQ,41,0.083,20150607_PQ_4,0.083
347,248,VNG0194H,D,1.0,CM,0.333mM PQ,41,0.083,20150607_PQ_4,0.083
348,249,VNG0194H,D,2.0,CM,0.333mM PQ,41,0.083,20150607_PQ_4,0.083
349,250,VNG0194H,D,3.0,CM,0.333mM PQ,41,0.083,20150607_PQ_4,0.083
350,251,hrg,A,1.0,CM,0.333mM PQ,41,0.083,20150607_PQ_4,0.083
351,252,hrg,A,2.0,CM,0.333mM PQ,41,0.083,20150607_PQ_4,0.083
352,253,hrg,A,3.0,CM,0.333mM PQ,41,0.083,20150607_PQ_4,0.083
353,254,hrg,B,1.0,CM,0.333mM PQ,41,0.083,20150607_PQ_4,0.083
354,255,hrg,B,2.0,CM,0.333mM PQ,41,0.083,20150607_PQ_4,0.083
355,256,hrg,B,3.0,CM,0.333mM PQ,41,0.083,20150607_PQ_4,0.083
356,257,hrg,C,1.0,CM,0.333mM PQ,41,0.083,20150607_PQ_4,0.083
357,258,hrg,C,2.0,CM,0.333mM PQ,41,0.083,20150607_PQ_4,0.083
358,259,hrg,C,3.0,CM,0.333mM PQ,41,0.083,20150607_PQ_4,0.083
359,260,hrg,D,1.0,CM,0.333mM PQ,41,0.083,20150607_PQ_4,0.083
360,261,hrg,D,2.0,CM,0.333mM PQ,41,0.083,20150607_PQ_4,0.083
361,262,hrg,D,3.0,CM,0.333mM PQ,41,0.083,20150607_PQ_4,0.083
362,263,ura3,A,1.0,CM,0.333mM PQ,41,0.083,20150607_PQ_4,0.083
363,264,ura3,A,2.0,CM,0.333mM PQ,41,0.083,20150607_PQ_4,0.083
364,265,ura3,A,3.0,CM,0.333mM PQ,41,0.083,20150607_PQ_4,0.083
365,266,ura3,B,1.0,CM,0.333mM PQ,41,0.083,20150607_PQ_4,0.083
366,267,ura3,B,2.0,CM,0.333mM PQ,41,0.083,20150607_PQ_4,0.083
367,268,ura3,B,3.0,CM,0.333mM PQ,41,0.083,20150607_PQ_4,0.083
368,269,ura3,C,1.0,CM,0.333mM PQ,41,0.083,20150607_PQ_4,0.083
369,270,ura3,C,2.0,CM,0.333mM PQ,41,0.083,20150607_PQ_4,0.083
370,271,ura3,C,3.0,CM,0.333mM PQ,41,0.083,20150607_PQ_4,0.083
371,272,ura3,D,1.0,CM,0.333mM PQ,41,0.083,20150607_PQ_4,0.083
372,273,ura3,D,2.0,CM,0.333mM PQ,41,0.083,20150607_PQ_4,0.083
373,274,ura3,D,3.0,CM,0.333mM PQ,41,0.083,20150607_PQ_4,0.083
374,275,hlx2,A,1.0,CM,0.333mM PQ,41,0.083,20150607_PQ_4,0.083
375,276,hlx2,A,2.0,CM,0.333mM PQ,41,0.083,20150607_PQ_4,0.083
376,277,hlx2,A,3.0,CM,0.333mM PQ,41,0.083,20150607_PQ_4,0.083
377,278,hlx2,B,1.0,CM,0.333mM PQ,41,0.083,20150607_PQ_4,0.083
378,279,hlx2,B,2.0,CM,0.333mM PQ,41,0.083,20150607_PQ_4,0.083
379,280,hlx2,B,3.0,CM,0.333mM PQ,41,0.083,20150607_PQ_4,0.083
380,281,hlx2,C,1.0,CM,0.333mM PQ,41,0.083,20150607_PQ_4,0.083
381,282,hlx2,C,2.0,CM,0.333mM PQ,41,0.083,20150607_PQ_4,0.083
382,283,hlx2,C,3.0,CM,0.333mM PQ,41,0.083,20150607_PQ_4,0.083
383,284,hlx2,D,1.0,CM,0.333mM PQ,41,0.083,20150607_PQ_4,0.083
384,285,hlx2,D,2.0,CM,0.333mM PQ,41,0.083,20150607_PQ_4,0.083
385,286,hlx2,D,3.0,CM,0.333mM PQ,41,0.083,20150607_PQ_4,0.083
386,287,blank,,,CM,,41,0.0,20150607_PQ_4,0.0
387,288,blank,,,CM,,41,0.0,20150607_PQ_4,0.0
388,289,blank,,,CM,,41,0.0,20150607_PQ_4,0.0
389,290,blank,,,CM,,41,0.0,20150607_PQ_4,0.0
390,291,blank,,,CM,,41,0.0,20150607_PQ_4,0.0
391,292,blank,,,CM,,41,0.0,20150607_PQ_4,0.0
392,293,blank,,,CM,,41,0.0,20150607_PQ_4,0.0
393,294,blank,,,CM,,41,0.0,20150607_PQ_4,0.0
394,295,blank,,,CM,,41,0.0,20150607_PQ_4,0.0
395,296,blank,,,CM,,41,0.0,20150607_PQ_4,0.0
396,297,blank,,,CM,,41,0.0,20150607_PQ_4,0.0
397,298,blank,,,CM,,41,0.0,20150607_PQ_4,0.0
398,299,blank,,,CM,,41,0.0,20150607_PQ_4,0.0
399,300,blank,,,CM,,41,0.0,20150607_PQ_4,0.0
400,101,blank,,,CM,,23,0.0,20150702_PQ_6,0.0
401,102,hlx1,A,1.0,CM,,23,0.0,20150702_PQ_6,0.0
402,103,hlx1,A,2.0,CM,,23,0.0,20150702_PQ_6,0.0
403,104,hlx1,A,3.0,CM,,23,0.0,20150702_PQ_6,0.0
404,105,hlx1,B,1.0,CM,,23,0.0,20150702_PQ_6,0.0
405,106,hlx1,B,2.0,CM,,23,0.0,20150702_PQ_6,0.0
406,107,hlx1,B,3.0,CM,,23,0.0,20150702_PQ_6,0.0
407,108,hlx1,C,1.0,CM,,23,0.0,20150702_PQ_6,0.0
408,109,hlx1,C,2.0,CM,,23,0.0,20150702_PQ_6,0.0
409,110,blank,,,CM,,23,0.0,20150702_PQ_6,0.0
410,111,hlx1,C,3.0,CM,,23,0.0,20150702_PQ_6,0.0
411,112,hlx1,D,1.0,CM,,23,0.0,20150702_PQ_6,0.0
412,113,hlx1,D,2.0,CM,,23,0.0,20150702_PQ_6,0.0
413,114,hlx1,D,3.0,CM,,23,0.0,20150702_PQ_6,0.0
414,115,ura3,A,1.0,CM,,23,0.0,20150702_PQ_6,0.0
415,116,ura3,A,2.0,CM,,23,0.0,20150702_PQ_6,0.0
416,117,ura3,A,3.0,CM,,23,0.0,20150702_PQ_6,0.0
417,118,ura3,B,1.0,CM,,23,0.0,20150702_PQ_6,0.0
418,119,ura3,B,2.0,CM,,23,0.0,20150702_PQ_6,0.0
419,120,ura3,B,3.0,CM,,23,0.0,20150702_PQ_6,0.0
420,121,ura3,C,1.0,CM,,23,0.0,20150702_PQ_6,0.0
421,122,ura3,C,2.0,CM,,23,0.0,20150702_PQ_6,0.0
422,123,ura3,C,3.0,CM,,23,0.0,20150702_PQ_6,0.0
423,124,ura3,D,1.0,CM,,23,0.0,20150702_PQ_6,0.0
424,125,ura3,D,2.0,CM,,23,0.0,20150702_PQ_6,0.0
425,126,ura3,D,3.0,CM,,23,0.0,20150702_PQ_6,0.0
426,127,kaiC,A,1.0,CM,,23,0.0,20150702_PQ_6,0.0
427,128,kaiC,A,2.0,CM,,23,0.0,20150702_PQ_6,0.0
428,129,kaiC,A,3.0,CM,,23,0.0,20150702_PQ_6,0.0
429,130,kaiC,B,1.0,CM,,23,0.0,20150702_PQ_6,0.0
430,131,kaiC,B,2.0,CM,,23,0.0,20150702_PQ_6,0.0
431,132,kaiC,B,3.0,CM,,23,0.0,20150702_PQ_6,0.0
432,133,kaiC,C,1.0,CM,,23,0.0,20150702_PQ_6,0.0
433,134,kaiC,C,2.0,CM,,23,0.0,20150702_PQ_6,0.0
434,135,kaiC,C,3.0,CM,,23,0.0,20150702_PQ_6,0.0
435,136,kaiC,D,1.0,CM,,23,0.0,20150702_PQ_6,0.0
436,137,kaiC,D,2.0,CM,,23,0.0,20150702_PQ_6,0.0
437,138,kaiC,D,3.0,CM,,23,0.0,20150702_PQ_6,0.0
438,139,arcR,A,1.0,CM,,23,0.0,20150702_PQ_6,0.0
439,140,arcR,A,2.0,CM,,23,0.0,20150702_PQ_6,0.0
440,141,arcR,A,3.0,CM,,23,0.0,20150702_PQ_6,0.0
441,142,arcR,B,1.0,CM,,23,0.0,20150702_PQ_6,0.0
442,143,arcR,B,2.0,CM,,23,0.0,20150702_PQ_6,0.0
443,144,arcR,B,3.0,CM,,23,0.0,20150702_PQ_6,0.0
444,145,arcR,C,1.0,CM,,23,0.0,20150702_PQ_6,0.0
445,146,arcR,C,2.0,CM,,23,0.0,20150702_PQ_6,0.0
446,147,arcR,C,3.0,CM,,23,0.0,20150702_PQ_6,0.0
447,148,arcR,D,1.0,CM,,23,0.0,20150702_PQ_6,0.0
448,149,arcR,D,2.0,CM,,23,0.0,20150702_PQ_6,0.0
449,150,arcR,D,3.0,CM,,23,0.0,20150702_PQ_6,0.0
450,151,birA,A,1.0,CM,,23,0.0,20150702_PQ_6,0.0
451,152,birA,A,2.0,CM,,23,0.0,20150702_PQ_6,0.0
452,153,birA,A,3.0,CM,,23,0.0,20150702_PQ_6,0.0
453,154,birA,B,1.0,CM,,23,0.0,20150702_PQ_6,0.0
454,155,birA,B,2.0,CM,,23,0.0,20150702_PQ_6,0.0
455,156,birA,B,3.0,CM,,23,0.0,20150702_PQ_6,0.0
456,157,birA,C,1.0,CM,,23,0.0,20150702_PQ_6,0.0
457,158,birA,C,2.0,CM,,23,0.0,20150702_PQ_6,0.0
458,159,birA,C,3.0,CM,,23,0.0,20150702_PQ_6,0.0
459,160,birA,D,1.0,CM,,23,0.0,20150702_PQ_6,0.0
460,161,birA,D,2.0,CM,,23,0.0,20150702_PQ_6,0.0
461,162,birA,D,3.0,CM,,23,0.0,20150702_PQ_6,0.0
462,163,hlx1,A,1.0,CM,0.083mM PQ,23,0.083,20150702_PQ_6,0.083
463,164,hlx1,A,2.0,CM,0.083mM PQ,23,0.083,20150702_PQ_6,0.083
464,165,hlx1,A,3.0,CM,0.083mM PQ,23,0.083,20150702_PQ_6,0.083
465,166,hlx1,B,1.0,CM,0.083mM PQ,23,0.083,20150702_PQ_6,0.083
466,167,hlx1,B,2.0,CM,0.083mM PQ,23,0.083,20150702_PQ_6,0.083
467,168,hlx1,B,3.0,CM,0.083mM PQ,23,0.083,20150702_PQ_6,0.083
468,169,hlx1,C,1.0,CM,0.083mM PQ,23,0.083,20150702_PQ_6,0.083
469,170,hlx1,C,2.0,CM,0.083mM PQ,23,0.083,20150702_PQ_6,0.083
470,171,hlx1,C,3.0,CM,0.083mM PQ,23,0.083,20150702_PQ_6,0.083
471,172,hlx1,D,1.0,CM,0.083mM PQ,23,0.083,20150702_PQ_6,0.083
472,173,hlx1,D,2.0,CM,0.083mM PQ,23,0.083,20150702_PQ_6,0.083
473,174,hlx1,D,3.0,CM,0.083mM PQ,23,0.083,20150702_PQ_6,0.083
474,175,ura3,A,1.0,CM,0.083mM PQ,23,0.083,20150702_PQ_6,0.083
475,176,ura3,A,2.0,CM,0.083mM PQ,23,0.083,20150702_PQ_6,0.083
476,177,ura3,A,3.0,CM,0.083mM PQ,23,0.083,20150702_PQ_6,0.083
477,178,ura3,B,1.0,CM,0.083mM PQ,23,0.083,20150702_PQ_6,0.083
478,179,ura3,B,2.0,CM,0.083mM PQ,23,0.083,20150702_PQ_6,0.083
479,180,ura3,B,3.0,CM,0.083mM PQ,23,0.083,20150702_PQ_6,0.083
480,181,ura3,C,1.0,CM,0.083mM PQ,23,0.083,20150702_PQ_6,0.083
481,182,ura3,C,2.0,CM,0.083mM PQ,23,0.083,20150702_PQ_6,0.083
482,183,ura3,C,3.0,CM,0.083mM PQ,23,0.083,20150702_PQ_6,0.083
483,184,ura3,D,1.0,CM,0.083mM PQ,23,0.083,20150702_PQ_6,0.083
484,185,ura3,D,2.0,CM,0.083mM PQ,23,0.083,20150702_PQ_6,0.083
485,186,ura3,D,3.0,CM,0.083mM PQ,23,0.083,20150702_PQ_6,0.083
486,187,kaiC,A,1.0,CM,0.083mM PQ,23,0.083,20150702_PQ_6,0.083
487,188,kaiC,A,2.0,CM,0.083mM PQ,23,0.083,20150702_PQ_6,0.083
488,189,kaiC,A,3.0,CM,0.083mM PQ,23,0.083,20150702_PQ_6,0.083
489,190,kaiC,B,1.0,CM,0.083mM PQ,23,0.083,20150702_PQ_6,0.083
490,191,blank,,,CM,,23,0.0,20150702_PQ_6,0.0
491,192,kaiC,B,2.0,CM,0.083mM PQ,23,0.083,20150702_PQ_6,0.083
492,193,kaiC,B,3.0,CM,0.083mM PQ,23,0.083,20150702_PQ_6,0.083
493,194,kaiC,C,1.0,CM,0.083mM PQ,23,0.083,20150702_PQ_6,0.083
494,195,kaiC,C,2.0,CM,0.083mM PQ,23,0.083,20150702_PQ_6,0.083
495,196,kaiC,C,3.0,CM,0.083mM PQ,23,0.083,20150702_PQ_6,0.083
496,197,kaiC,D,1.0,CM,0.083mM PQ,23,0.083,20150702_PQ_6,0.083
497,198,kaiC,D,2.0,CM,0.083mM PQ,23,0.083,20150702_PQ_6,0.083
498,199,kaiC,D,3.0,CM,0.083mM PQ,23,0.083,20150702_PQ_6,0.083
499,200,blank,,,CM,,23,0.0,20150702_PQ_6,0.0
500,201,blank,,,CM,,23,0.0,20150702_PQ_6,0.0
501,202,arcR,A,1.0,CM,0.083mM PQ,23,0.083,20150702_PQ_6,0.083
502,203,arcR,A,2.0,CM,0.083mM PQ,23,0.083,20150702_PQ_6,0.083
503,204,arcR,A,3.0,CM,0.083mM PQ,23,0.083,20150702_PQ_6,0.083
504,205,arcR,B,1.0,CM,0.083mM PQ,23,0.083,20150702_PQ_6,0.083
505,206,arcR,B,2.0,CM,0.083mM PQ,23,0.083,20150702_PQ_6,0.083
506,207,arcR,B,3.0,CM,0.083mM PQ,23,0.083,20150702_PQ_6,0.083
507,208,arcR,C,1.0,CM,0.083mM PQ,23,0.083,20150702_PQ_6,0.083
508,209,arcR,C,2.0,CM,0.083mM PQ,23,0.083,20150702_PQ_6,0.083
509,210,blank,,,CM,0.083mM PQ,23,0.0,20150702_PQ_6,0.0
510,211,arcR,C,3.0,CM,0.083mM PQ,23,0.083,20150702_PQ_6,0.083
511,212,arcR,D,1.0,CM,0.083mM PQ,23,0.083,20150702_PQ_6,0.083
512,213,arcR,D,2.0,CM,0.083mM PQ,23,0.083,20150702_PQ_6,0.083
513,214,arcR,D,3.0,CM,0.083mM PQ,23,0.083,20150702_PQ_6,0.083
514,215,birA,A,1.0,CM,0.083mM PQ,23,0.083,20150702_PQ_6,0.083
515,216,birA,A,2.0,CM,0.083mM PQ,23,0.083,20150702_PQ_6,0.083
516,217,birA,A,3.0,CM,0.083mM PQ,23,0.083,20150702_PQ_6,0.083
517,218,birA,B,1.0,CM,0.083mM PQ,23,0.083,20150702_PQ_6,0.083
518,219,birA,B,2.0,CM,0.083mM PQ,23,0.083,20150702_PQ_6,0.083
519,220,birA,B,3.0,CM,0.083mM PQ,23,0.083,20150702_PQ_6,0.083
520,221,birA,C,1.0,CM,0.083mM PQ,23,0.083,20150702_PQ_6,0.083
521,222,birA,C,2.0,CM,0.083mM PQ,23,0.083,20150702_PQ_6,0.083
522,223,birA,C,3.0,CM,0.083mM PQ,23,0.083,20150702_PQ_6,0.083
523,224,birA,D,1.0,CM,0.083mM PQ,23,0.083,20150702_PQ_6,0.083
524,225,birA,D,2.0,CM,0.083mM PQ,23,0.083,20150702_PQ_6,0.083
525,226,birA,D,3.0,CM,0.083mM PQ,23,0.083,20150702_PQ_6,0.083
526,227,hlx1,A,1.0,CM,0.333mM PQ,23,0.083,20150702_PQ_6,0.083
527,228,hlx1,A,2.0,CM,0.333mM PQ,23,0.083,20150702_PQ_6,0.083
528,229,hlx1,A,3.0,CM,0.333mM PQ,23,0.083,20150702_PQ_6,0.083
529,230,hlx1,B,1.0,CM,0.333mM PQ,23,0.083,20150702_PQ_6,0.083
530,231,hlx1,B,2.0,CM,0.333mM PQ,23,0.083,20150702_PQ_6,0.083
531,232,hlx1,B,3.0,CM,0.333mM PQ,23,0.083,20150702_PQ_6,0.083
532,233,hlx1,C,1.0,CM,0.333mM PQ,23,0.083,20150702_PQ_6,0.083
533,234,hlx1,C,2.0,CM,0.333mM PQ,23,0.083,20150702_PQ_6,0.083
534,235,hlx1,C,3.0,CM,0.333mM PQ,23,0.083,20150702_PQ_6,0.083
535,236,hlx1,D,1.0,CM,0.333mM PQ,23,0.083,20150702_PQ_6,0.083
536,237,hlx1,D,2.0,CM,0.333mM PQ,23,0.083,20150702_PQ_6,0.083
537,238,hlx1,D,3.0,CM,0.333mM PQ,23,0.083,20150702_PQ_6,0.083
538,239,ura3,A,1.0,CM,0.333mM PQ,23,0.083,20150702_PQ_6,0.083
539,240,ura3,A,2.0,CM,0.333mM PQ,23,0.083,20150702_PQ_6,0.083
540,241,ura3,A,3.0,CM,0.333mM PQ,23,0.083,20150702_PQ_6,0.083
541,242,ura3,B,1.0,CM,0.333mM PQ,23,0.083,20150702_PQ_6,0.083
542,243,ura3,B,2.0,CM,0.333mM PQ,23,0.083,20150702_PQ_6,0.083
543,244,ura3,B,3.0,CM,0.333mM PQ,23,0.083,20150702_PQ_6,0.083
544,245,ura3,C,1.0,CM,0.333mM PQ,23,0.083,20150702_PQ_6,0.083
545,246,ura3,C,2.0,CM,0.333mM PQ,23,0.083,20150702_PQ_6,0.083
546,247,ura3,C,3.0,CM,0.333mM PQ,23,0.083,20150702_PQ_6,0.083
547,248,ura3,D,1.0,CM,0.333mM PQ,23,0.083,20150702_PQ_6,0.083
548,249,ura3,D,2.0,CM,0.333mM PQ,23,0.083,20150702_PQ_6,0.083
549,250,ura3,D,3.0,CM,0.333mM PQ,23,0.083,20150702_PQ_6,0.083
550,251,kaiC,A,1.0,CM,0.333mM PQ,23,0.083,20150702_PQ_6,0.083
551,252,kaiC,A,2.0,CM,0.333mM PQ,23,0.083,20150702_PQ_6,0.083
552,253,kaiC,A,3.0,CM,0.333mM PQ,23,0.083,20150702_PQ_6,0.083
553,254,kaiC,B,1.0,CM,0.333mM PQ,23,0.083,20150702_PQ_6,0.083
554,255,kaiC,B,2.0,CM,0.333mM PQ,23,0.083,20150702_PQ_6,0.083
555,256,kaiC,B,3.0,CM,0.333mM PQ,23,0.083,20150702_PQ_6,0.083
556,257,kaiC,C,1.0,CM,0.333mM PQ,23,0.083,20150702_PQ_6,0.083
557,258,kaiC,C,2.0,CM,0.333mM PQ,23,0.083,20150702_PQ_6,0.083
558,259,kaiC,C,3.0,CM,0.333mM PQ,23,0.083,20150702_PQ_6,0.083
559,260,kaiC,D,1.0,CM,0.333mM PQ,23,0.083,20150702_PQ_6,0.083
560,261,kaiC,D,2.0,CM,0.333mM PQ,23,0.083,20150702_PQ_6,0.083
561,262,kaiC,D,3.0,CM,0.333mM PQ,23,0.083,20150702_PQ_6,0.083
562,263,arcR,A,1.0,CM,0.333mM PQ,23,0.083,20150702_PQ_6,0.083
563,264,arcR,A,2.0,CM,0.333mM PQ,23,0.083,20150702_PQ_6,0.083
564,265,arcR,A,3.0,CM,0.333mM PQ,23,0.083,20150702_PQ_6,0.083
565,266,arcR,B,1.0,CM,0.333mM PQ,23,0.083,20150702_PQ_6,0.083
566,267,arcR,B,2.0,CM,0.333mM PQ,23,0.083,20150702_PQ_6,0.083
567,268,arcR,B,3.0,CM,0.333mM PQ,23,0.083,20150702_PQ_6,0.083
568,269,arcR,C,1.0,CM,0.333mM PQ,23,0.083,20150702_PQ_6,0.083
569,270,arcR,C,2.0,CM,0.333mM PQ,23,0.083,20150702_PQ_6,0.083
570,271,arcR,C,3.0,CM,0.333mM PQ,23,0.083,20150702_PQ_6,0.083
571,272,arcR,D,1.0,CM,0.333mM PQ,23,0.083,20150702_PQ_6,0.083
572,273,arcR,D,2.0,CM,0.333mM PQ,23,0.083,20150702_PQ_6,0.083
573,274,arcR,D,3.0,CM,0.333mM PQ,23,0.083,20150702_PQ_6,0.083
574,275,birA,A,1.0,CM,0.333mM PQ,23,0.083,20150702_PQ_6,0.083
575,276,birA,A,2.0,CM,0.333mM PQ,23,0.083,20150702_PQ_6,0.083
576,277,birA,A,3.0,CM,0.333mM PQ,23,0.083,20150702_PQ_6,0.083
577,278,birA,B,1.0,CM,0.333mM PQ,23,0.083,20150702_PQ_6,0.083
578,279,birA,B,2.0,CM,0.333mM PQ,23,0.083,20150702_PQ_6,0.083
579,280,birA,B,3.0,CM,0.333mM PQ,23,0.083,20150702_PQ_6,0.083
580,281,birA,C,1.0,CM,0.333mM PQ,23,0.083,20150702_PQ_6,0.083
581,282,birA,C,2.0,CM,0.333mM PQ,23,0.083,20150702_PQ_6,0.083
582,283,birA,C,3.0,CM,0.333mM PQ,23,0.083,20150702_PQ_6,0.083
583,284,birA,D,1.0,CM,0.333mM PQ,23,0.083,20150702_PQ_6,0.083
584,285,birA,D,2.0,CM,0.333mM PQ,23,0.083,20150702_PQ_6,0.083
585,286,birA,D,3.0,CM,0.333mM PQ,23,0.083,20150702_PQ_6,0.083
586,287,blank,,,CM,,23,0.0,20150702_PQ_6,0.0
587,288,blank,,,CM,,23,0.0,20150702_PQ_6,0.0
588,289,blank,,,CM,,23,0.0,20150702_PQ_6,0.0
589,290,blank,,,CM,,23,0.0,20150702_PQ_6,0.0
590,291,blank,,,CM,,23,0.0,20150702_PQ_6,0.0
591,292,blank,,,CM,,23,0.0,20150702_PQ_6,0.0
592,293,blank,,,CM,,23,0.0,20150702_PQ_6,0.0
593,294,blank,,,CM,,23,0.0,20150702_PQ_6,0.0
594,295,blank,,,CM,,23,0.0,20150702_PQ_6,0.0
595,296,blank,,,CM,,23,0.0,20150702_PQ_6,0.0
596,297,blank,,,CM,,23,0.0,20150702_PQ_6,0.0
597,298,blank,,,CM,,23,0.0,20150702_PQ_6,0.0
598,299,blank,,,CM,,23,0.0,20150702_PQ_6,0.0
599,300,blank,,,CM,,23,0.0,20150702_PQ_6,0.0
