Well_num,Cond_num,KPO4,NaCl,FeSO4,Thiamine/Hcl,NH4_2SO4,MgSO4,Glucose,Leucine,Histidine
A1,1,1,0,0,0,10,1,20,0,0
A2,1,1,0,0,0,10,1,20,0,0
A3,1,1,0,0,0,10,1,20,0,0
A4,1,1,0,0,0,10,1,20,0,0
A5,1,1,0,0,0,10,1,20,0,0
A6,1,1,0,0,0,10,1,20,0,0
A7,2,10,0,0,0,10,1,20,0,0
A8,2,10,0,0,0,10,1,20,0,0
A9,2,10,0,0,0,10,1,20,0,0
A10,2,10,0,0,0,10,1,20,0,0
A11,2,10,0,0,0,10,1,20,0,0
A12,2,10,0,0,0,10,1,20,0,0
A13,3,200,0,0,0,10,1,20,0,0
A14,3,200,0,0,0,10,1,20,0,0
A15,3,200,0,0,0,10,1,20,0,0
A16,3,200,0,0,0,10,1,20,0,0
A17,3,200,0,0,0,10,1,20,0,0
A18,3,200,0,0,0,10,1,20,0,0
A19,4,1000,0,0,0,10,1,20,0,0
A20,4,1000,0,0,0,10,1,20,0,0
A21,4,1000,0,0,0,10,1,20,0,0
A22,4,1000,0,0,0,10,1,20,0,0
A23,4,1000,0,0,0,10,1,20,0,0
A24,4,1000,0,0,0,10,1,20,0,0
A25,5,100,0,0,0,0.1,1,20,0,0
A26,5,100,0,0,0,0.1,1,20,0,0
A27,5,100,0,0,0,0.1,1,20,0,0
A28,5,100,0,0,0,0.1,1,20,0,0
A29,5,100,0,0,0,0.1,1,20,0,0
A30,5,100,0,0,0,0.1,1,20,0,0
A31,6,100,0,0,0,1,1,20,0,0
A32,6,100,0,0,0,1,1,20,0,0
A33,6,100,0,0,0,1,1,20,0,0
A34,6,100,0,0,0,1,1,20,0,0
A35,6,100,0,0,0,1,1,20,0,0
A36,6,100,0,0,0,1,1,20,0,0
A37,7,100,0,0,0,5,1,20,0,0
A38,7,100,0,0,0,5,1,20,0,0
A39,7,100,0,0,0,5,1,20,0,0
A40,7,100,0,0,0,5,1,20,0,0
A41,7,100,0,0,0,5,1,20,0,0
A42,7,100,0,0,0,5,1,20,0,0
A43,8,100,0,0,0,100,1,20,0,0
A44,8,100,0,0,0,100,1,20,0,0
A45,8,100,0,0,0,100,1,20,0,0
A46,8,100,0,0,0,100,1,20,0,0
A47,8,100,0,0,0,100,1,20,0,0
A48,8,100,0,0,0,100,1,20,0,0
A49,9,100,0,0,0,10,0.1,20,0,0
A50,9,100,0,0,0,10,0.1,20,0,0
A51,9,100,0,0,0,10,0.1,20,0,0
A52,9,100,0,0,0,10,0.1,20,0,0
A53,9,100,0,0,0,10,0.1,20,0,0
A54,9,100,0,0,0,10,0.1,20,0,0
A55,10,100,0,0,0,10,0.5,20,0,0
A56,10,100,0,0,0,10,0.5,20,0,0
A57,10,100,0,0,0,10,0.5,20,0,0
A58,10,100,0,0,0,10,0.5,20,0,0
A59,10,100,0,0,0,10,0.5,20,0,0
A60,10,100,0,0,0,10,0.5,20,0,0
A61,11,100,0,0,0,10,10,20,0,0
A62,11,100,0,0,0,10,10,20,0,0
A63,11,100,0,0,0,10,10,20,0,0
A64,11,100,0,0,0,10,10,20,0,0
A65,11,100,0,0,0,10,10,20,0,0
A66,11,100,0,0,0,10,10,20,0,0
A67,12,100,0,0,0,10,100,20,0,0
A68,12,100,0,0,0,10,100,20,0,0
A69,12,100,0,0,0,10,100,20,0,0
A70,12,100,0,0,0,10,100,20,0,0
A71,12,100,0,0,0,10,100,20,0,0
A72,12,100,0,0,0,10,100,20,0,0
A73,13,100,0,0,0,10,1,0.2,0,0
A74,13,100,0,0,0,10,1,0.2,0,0
A75,13,100,0,0,0,10,1,0.2,0,0
A76,13,100,0,0,0,10,1,0.2,0,0
A77,13,100,0,0,0,10,1,0.2,0,0
A78,13,100,0,0,0,10,1,0.2,0,0
A79,14,100,0,0,0,10,1,2,0,0
A80,14,100,0,0,0,10,1,2,0,0
A81,14,100,0,0,0,10,1,2,0,0
A82,14,100,0,0,0,10,1,2,0,0
A83,14,100,0,0,0,10,1,2,0,0
A84,14,100,0,0,0,10,1,2,0,0
A85,15,100,0,0,0,10,1,20,0,0
A86,15,100,0,0,0,10,1,20,0,0
A87,15,100,0,0,0,10,1,20,0,0
A88,15,100,0,0,0,10,1,20,0,0
A89,15,100,0,0,0,10,1,20,0,0
A90,15,100,0,0,0,10,1,20,0,0
A91,16,100,0,0,0,10,1,200,0,0
A92,16,100,0,0,0,10,1,200,0,0
A93,16,100,0,0,0,10,1,200,0,0
A94,16,100,0,0,0,10,1,200,0,0
A95,16,100,0,0,0,10,1,200,0,0
A96,16,100,0,0,0,10,1,200,0,0
A97,17,100,0,0,0,10,1,0.02,0,0
A98,17,100,0,0,0,10,1,0.02,0,0
A99,17,100,0,0,0,10,1,0.02,0,0
A100,17,100,0,0,0,10,1,0.02,0,0
A101,17,100,0,0,0,10,1,0.02,0,0
A102,17,100,0,0,0,10,1,0.02,0,0
A103,18,0.1,0,0,0,10,1,20,0,0
A104,18,0.1,0,0,0,10,1,20,0,0
A105,18,0.1,0,0,0,10,1,20,0,0
A106,18,0.1,0,0,0,10,1,20,0,0
A107,18,0.1,0,0,0,10,1,20,0,0
A108,18,0.1,0,0,0,10,1,20,0,0
A109,19,100,0,0,0,0.015,1,20,0,0
A110,19,100,0,0,0,0.015,1,20,0,0
A111,19,100,0,0,0,0.015,1,20,0,0
A112,19,100,0,0,0,0.015,1,20,0,0
A113,19,100,0,0,0,0.015,1,20,0,0
A114,19,100,0,0,0,0.015,1,20,0,0
A115,20,100,0,0,0,10,0.0002,20,0,0
A116,20,100,0,0,0,10,0.0002,20,0,0
A117,20,100,0,0,0,10,0.0002,20,0,0
A118,20,100,0,0,0,10,0.0002,20,0,0
A119,20,100,0,0,0,10,0.0002,20,0,0
A120,20,100,0,0,0,10,0.0002,20,0,0
A121,21,100,0,0,0,10,0.05,20,0,0
A122,21,100,0,0,0,10,0.05,20,0,0
A123,21,100,0,0,0,10,0.05,20,0,0
A124,21,100,0,0,0,10,0.05,20,0,0
A125,21,100,0,0,0,10,0.05,20,0,0
A126,21,100,0,0,0,10,0.05,20,0,0
A127,22,100,0,0,0,10,0.2,20,0,0
A128,22,100,0,0,0,10,0.2,20,0,0
A129,22,100,0,0,0,10,0.2,20,0,0
A130,22,100,0,0,0,10,0.2,20,0,0
A131,22,100,0,0,0,10,0.2,20,0,0
A132,22,100,0,0,0,10,0.2,20,0,0
A133,23,100,0,0,0,10,2,20,0,0
A134,23,100,0,0,0,10,2,20,0,0
A135,23,100,0,0,0,10,2,20,0,0
A136,23,100,0,0,0,10,2,20,0,0
A137,23,100,0,0,0,10,2,20,0,0
A138,23,100,0,0,0,10,2,20,0,0
A139,24,100,0,0,0,10,5,20,0,0
A140,24,100,0,0,0,10,5,20,0,0
A141,24,100,0,0,0,10,5,20,0,0
A142,24,100,0,0,0,10,5,20,0,0
A143,24,100,0,0,0,10,5,20,0,0
A144,24,100,0,0,0,10,5,20,0,0
A145,25,100,0,0,0,10,50,20,0,0
A146,25,100,0,0,0,10,50,20,0,0
A147,25,100,0,0,0,10,50,20,0,0
A148,25,100,0,0,0,10,50,20,0,0
A149,25,100,0,0,0,10,50,20,0,0
A150,25,100,0,0,0,10,50,20,0,0
B1,26,100,0,0,0,1,0.1,0.2,0,0
B2,26,100,0,0,0,1,0.1,0.2,0,0
B3,26,100,0,0,0,1,0.1,0.2,0,0
B4,26,100,0,0,0,1,0.1,0.2,0,0
B5,26,100,0,0,0,1,0.1,0.2,0,0
B6,26,100,0,0,0,1,0.1,0.2,0,0
B7,27,100,0,0,0,1,0.1,2,0,0
B8,27,100,0,0,0,1,0.1,2,0,0
B9,27,100,0,0,0,1,0.1,2,0,0
B10,27,100,0,0,0,1,0.1,2,0,0
B11,27,100,0,0,0,1,0.1,2,0,0
B12,27,100,0,0,0,1,0.1,2,0,0
B13,28,100,0,0,0,1,0.1,20,0,0
B14,28,100,0,0,0,1,0.1,20,0,0
B15,28,100,0,0,0,1,0.1,20,0,0
B16,28,100,0,0,0,1,0.1,20,0,0
B17,28,100,0,0,0,1,0.1,20,0,0
B18,28,100,0,0,0,1,0.1,20,0,0
B19,29,100,0,0,0,1,0.1,200,0,0
B20,29,100,0,0,0,1,0.1,200,0,0
B21,29,100,0,0,0,1,0.1,200,0,0
B22,29,100,0,0,0,1,0.1,200,0,0
B23,29,100,0,0,0,1,0.1,200,0,0
B24,29,100,0,0,0,1,0.1,200,0,0
B25,30,100,0,0,0,1,1,0.2,0,0
B26,30,100,0,0,0,1,1,0.2,0,0
B27,30,100,0,0,0,1,1,0.2,0,0
B28,30,100,0,0,0,1,1,0.2,0,0
B29,30,100,0,0,0,1,1,0.2,0,0
B30,30,100,0,0,0,1,1,0.2,0,0
B31,31,100,0,0,0,1,1,2,0,0
B32,31,100,0,0,0,1,1,2,0,0
B33,31,100,0,0,0,1,1,2,0,0
B34,31,100,0,0,0,1,1,2,0,0
B35,31,100,0,0,0,1,1,2,0,0
B36,31,100,0,0,0,1,1,2,0,0
B37,32,100,0,0,0,1,1,20,0,0
B38,32,100,0,0,0,1,1,20,0,0
B39,32,100,0,0,0,1,1,20,0,0
B40,32,100,0,0,0,1,1,20,0,0
B41,32,100,0,0,0,1,1,20,0,0
B42,32,100,0,0,0,1,1,20,0,0
B43,33,100,0,0,0,1,1,200,0,0
B44,33,100,0,0,0,1,1,200,0,0
B45,33,100,0,0,0,1,1,200,0,0
B46,33,100,0,0,0,1,1,200,0,0
B47,33,100,0,0,0,1,1,200,0,0
B48,33,100,0,0,0,1,1,200,0,0
B49,34,100,0,0,0,1,10,0.2,0,0
B50,34,100,0,0,0,1,10,0.2,0,0
B51,34,100,0,0,0,1,10,0.2,0,0
B52,34,100,0,0,0,1,10,0.2,0,0
B53,34,100,0,0,0,1,10,0.2,0,0
B54,34,100,0,0,0,1,10,0.2,0,0
B55,35,100,0,0,0,1,10,2,0,0
B56,35,100,0,0,0,1,10,2,0,0
B57,35,100,0,0,0,1,10,2,0,0
B58,35,100,0,0,0,1,10,2,0,0
B59,35,100,0,0,0,1,10,2,0,0
B60,35,100,0,0,0,1,10,2,0,0
B61,36,100,0,0,0,1,10,20,0,0
B62,36,100,0,0,0,1,10,20,0,0
B63,36,100,0,0,0,1,10,20,0,0
B64,36,100,0,0,0,1,10,20,0,0
B65,36,100,0,0,0,1,10,20,0,0
B66,36,100,0,0,0,1,10,20,0,0
B67,37,100,0,0,0,1,10,200,0,0
B68,37,100,0,0,0,1,10,200,0,0
B69,37,100,0,0,0,1,10,200,0,0
B70,37,100,0,0,0,1,10,200,0,0
B71,37,100,0,0,0,1,10,200,0,0
B72,37,100,0,0,0,1,10,200,0,0
B73,38,100,0,0,0,1,50,0.2,0,0
B74,38,100,0,0,0,1,50,0.2,0,0
B75,38,100,0,0,0,1,50,0.2,0,0
B76,38,100,0,0,0,1,50,0.2,0,0
B77,38,100,0,0,0,1,50,0.2,0,0
B78,38,100,0,0,0,1,50,0.2,0,0
B80,39,100,0,0,0,1,50,2,0,0
B81,39,100,0,0,0,1,50,2,0,0
B82,39,100,0,0,0,1,50,2,0,0
B83,39,100,0,0,0,1,50,2,0,0
B84,39,100,0,0,0,1,50,2,0,0
B85,40,100,0,0,0,1,50,20,0,0
B86,40,100,0,0,0,1,50,20,0,0
B87,40,100,0,0,0,1,50,20,0,0
B88,40,100,0,0,0,1,50,20,0,0
B89,40,100,0,0,0,1,50,20,0,0
B90,40,100,0,0,0,1,50,20,0,0
B91,41,100,0,0,0,1,50,200,0,0
B93,41,100,0,0,0,1,50,200,0,0
B95,41,100,0,0,0,1,50,200,0,0
B96,41,100,0,0,0,1,50,200,0,0
B97,42,100,0,0,0,100,0.1,0.2,0,0
B98,42,100,0,0,0,100,0.1,0.2,0,0
B99,42,100,0,0,0,100,0.1,0.2,0,0
B100,42,100,0,0,0,100,0.1,0.2,0,0
B101,42,100,0,0,0,100,0.1,0.2,0,0
B102,42,100,0,0,0,100,0.1,0.2,0,0
B103,43,100,0,0,0,100,0.1,2,0,0
B104,43,100,0,0,0,100,0.1,2,0,0
B105,43,100,0,0,0,100,0.1,2,0,0
B106,43,100,0,0,0,100,0.1,2,0,0
B107,43,100,0,0,0,100,0.1,2,0,0
B108,43,100,0,0,0,100,0.1,2,0,0
B121,44,100,0,0,0,100,1,0.2,0,0
B122,44,100,0,0,0,100,1,0.2,0,0
B123,44,100,0,0,0,100,1,0.2,0,0
B124,44,100,0,0,0,100,1,0.2,0,0
B125,44,100,0,0,0,100,1,0.2,0,0
B126,44,100,0,0,0,100,1,0.2,0,0
B127,45,100,0,0,0,100,1,2,0,0
B128,45,100,0,0,0,100,1,2,0,0
B129,45,100,0,0,0,100,1,2,0,0
B130,45,100,0,0,0,100,1,2,0,0
B131,45,100,0,0,0,100,1,2,0,0
B132,45,100,0,0,0,100,1,2,0,0
B133,46,100,0,0,0,100,1,20,0,0
B134,46,100,0,0,0,100,1,20,0,0
B135,46,100,0,0,0,100,1,20,0,0
B136,46,100,0,0,0,100,1,20,0,0
B137,46,100,0,0,0,100,1,20,0,0
B138,46,100,0,0,0,100,1,20,0,0
B139,47,100,0,0,0,100,1,200,0,0
B140,47,100,0,0,0,100,1,200,0,0
B141,47,100,0,0,0,100,1,200,0,0
B142,47,100,0,0,0,100,1,200,0,0
B143,47,100,0,0,0,100,1,200,0,0
B144,47,100,0,0,0,100,1,200,0,0
B145,48,100,0,0,0,100,10,0.2,0,0
B146,48,100,0,0,0,100,10,0.2,0,0
B147,48,100,0,0,0,100,10,0.2,0,0
B148,48,100,0,0,0,100,10,0.2,0,0
B149,48,100,0,0,0,100,10,0.2,0,0
B150,48,100,0,0,0,100,10,0.2,0,0
B151,49,100,0,0,0,100,10,2,0,0
B152,49,100,0,0,0,100,10,2,0,0
B153,49,100,0,0,0,100,10,2,0,0
B154,49,100,0,0,0,100,10,2,0,0
B155,49,100,0,0,0,100,10,2,0,0
B156,49,100,0,0,0,100,10,2,0,0
B157,50,100,0,0,0,100,10,20,0,0
B158,50,100,0,0,0,100,10,20,0,0
B159,50,100,0,0,0,100,10,20,0,0
B160,50,100,0,0,0,100,10,20,0,0
B161,50,100,0,0,0,100,10,20,0,0
B162,50,100,0,0,0,100,10,20,0,0
B163,51,100,0,0,0,100,10,200,0,0
B164,51,100,0,0,0,100,10,200,0,0
B165,51,100,0,0,0,100,10,200,0,0
B166,51,100,0,0,0,100,10,200,0,0
B167,51,100,0,0,0,100,10,200,0,0
B168,51,100,0,0,0,100,10,200,0,0
B169,52,100,0,0,0,100,50,0.2,0,0
B170,52,100,0,0,0,100,50,0.2,0,0
B171,52,100,0,0,0,100,50,0.2,0,0
B172,52,100,0,0,0,100,50,0.2,0,0
B173,52,100,0,0,0,100,50,0.2,0,0
B174,52,100,0,0,0,100,50,0.2,0,0
B175,53,100,0,0,0,100,50,2,0,0
B176,53,100,0,0,0,100,50,2,0,0
B177,53,100,0,0,0,100,50,2,0,0
B179,53,100,0,0,0,100,50,2,0,0
B187,54,100,0,0,0,100,50,200,0,0
B188,54,100,0,0,0,100,50,200,0,0
B189,54,100,0,0,0,100,50,200,0,0
B190,54,100,0,0,0,100,50,200,0,0
B191,54,100,0,0,0,100,50,200,0,0
B192,54,100,0,0,0,100,50,200,0,0
B193,55,100,0,0,0,0.1,0.1,0.2,0,0
B194,55,100,0,0,0,0.1,0.1,0.2,0,0
B195,55,100,0,0,0,0.1,0.1,0.2,0,0
B196,55,100,0,0,0,0.1,0.1,0.2,0,0
B197,55,100,0,0,0,0.1,0.1,0.2,0,0
B198,55,100,0,0,0,0.1,0.1,0.2,0,0
B199,56,100,0,0,0,0.1,0.1,2,0,0
B200,56,100,0,0,0,0.1,0.1,2,0,0
B201,56,100,0,0,0,0.1,0.1,2,0,0
B202,56,100,0,0,0,0.1,0.1,2,0,0
B203,56,100,0,0,0,0.1,0.1,2,0,0
B204,56,100,0,0,0,0.1,0.1,2,0,0
B205,57,100,0,0,0,0.1,0.1,20,0,0
B206,57,100,0,0,0,0.1,0.1,20,0,0
B207,57,100,0,0,0,0.1,0.1,20,0,0
B208,57,100,0,0,0,0.1,0.1,20,0,0
B209,57,100,0,0,0,0.1,0.1,20,0,0
B210,57,100,0,0,0,0.1,0.1,20,0,0
B211,58,100,0,0,0,0.1,0.1,200,0,0
B212,58,100,0,0,0,0.1,0.1,200,0,0
B213,58,100,0,0,0,0.1,0.1,200,0,0
B214,58,100,0,0,0,0.1,0.1,200,0,0
B215,58,100,0,0,0,0.1,0.1,200,0,0
B216,58,100,0,0,0,0.1,0.1,200,0,0
B217,59,100,0,0,0,0.1,1,0.2,0,0
B218,59,100,0,0,0,0.1,1,0.2,0,0
B219,59,100,0,0,0,0.1,1,0.2,0,0
B220,59,100,0,0,0,0.1,1,0.2,0,0
B221,59,100,0,0,0,0.1,1,0.2,0,0
B222,59,100,0,0,0,0.1,1,0.2,0,0
B223,60,100,0,0,0,0.1,1,2,0,0
B224,60,100,0,0,0,0.1,1,2,0,0
B225,60,100,0,0,0,0.1,1,2,0,0
B226,60,100,0,0,0,0.1,1,2,0,0
B227,60,100,0,0,0,0.1,1,2,0,0
B228,60,100,0,0,0,0.1,1,2,0,0
B229,61,100,0,0,0,0.1,1,20,0,0
B230,61,100,0,0,0,0.1,1,20,0,0
B231,61,100,0,0,0,0.1,1,20,0,0
B232,61,100,0,0,0,0.1,1,20,0,0
B233,61,100,0,0,0,0.1,1,20,0,0
B234,61,100,0,0,0,0.1,1,20,0,0
B235,62,100,0,0,0,0.1,1,200,0,0
B236,62,100,0,0,0,0.1,1,200,0,0
B237,62,100,0,0,0,0.1,1,200,0,0
B238,62,100,0,0,0,0.1,1,200,0,0
B239,62,100,0,0,0,0.1,1,200,0,0
B240,62,100,0,0,0,0.1,1,200,0,0
B241,63,100,0,0,0,0.1,10,0.2,0,0
B242,63,100,0,0,0,0.1,10,0.2,0,0
B243,63,100,0,0,0,0.1,10,0.2,0,0
B244,63,100,0,0,0,0.1,10,0.2,0,0
B245,63,100,0,0,0,0.1,10,0.2,0,0
B246,63,100,0,0,0,0.1,10,0.2,0,0
B247,64,100,0,0,0,0.1,10,2,0,0
B248,64,100,0,0,0,0.1,10,2,0,0
B249,64,100,0,0,0,0.1,10,2,0,0
B250,64,100,0,0,0,0.1,10,2,0,0
B251,64,100,0,0,0,0.1,10,2,0,0
B252,64,100,0,0,0,0.1,10,2,0,0
B253,65,100,0,0,0,0.1,10,20,0,0
B254,65,100,0,0,0,0.1,10,20,0,0
B255,65,100,0,0,0,0.1,10,20,0,0
B256,65,100,0,0,0,0.1,10,20,0,0
B258,65,100,0,0,0,0.1,10,20,0,0
B259,66,100,0,0,0,0.1,10,200,0,0
B260,66,100,0,0,0,0.1,10,200,0,0
B261,66,100,0,0,0,0.1,10,200,0,0
B262,66,100,0,0,0,0.1,10,200,0,0
B263,66,100,0,0,0,0.1,10,200,0,0
B264,66,100,0,0,0,0.1,10,200,0,0
B265,67,100,0,0,0,0.1,50,0.2,0,0
B266,67,100,0,0,0,0.1,50,0.2,0,0
B267,67,100,0,0,0,0.1,50,0.2,0,0
B268,67,100,0,0,0,0.1,50,0.2,0,0
B269,67,100,0,0,0,0.1,50,0.2,0,0
B270,67,100,0,0,0,0.1,50,0.2,0,0
B271,68,100,0,0,0,0.1,50,2,0,0
B272,68,100,0,0,0,0.1,50,2,0,0
B273,68,100,0,0,0,0.1,50,2,0,0
B274,68,100,0,0,0,0.1,50,2,0,0
B275,68,100,0,0,0,0.1,50,2,0,0
B276,68,100,0,0,0,0.1,50,2,0,0
B277,69,100,0,0,0,0.1,50,20,0,0
B278,69,100,0,0,0,0.1,50,20,0,0
B279,69,100,0,0,0,0.1,50,20,0,0
B280,69,100,0,0,0,0.1,50,20,0,0
B281,69,100,0,0,0,0.1,50,20,0,0
B282,69,100,0,0,0,0.1,50,20,0,0
B283,70,100,0,0,0,0.1,50,200,0,0
B284,70,100,0,0,0,0.1,50,200,0,0
B285,70,100,0,0,0,0.1,50,200,0,0
B286,70,100,0,0,0,0.1,50,200,0,0
B287,70,100,0,0,0,0.1,50,200,0,0
B288,70,100,0,0,0,0.1,50,200,0,0
B289,71,100,0,0,0,0.1,0.1,0.2,0,0
B290,71,100,0,0,0,0.1,0.1,0.2,0,0
B291,71,100,0,0,0,0.1,0.1,0.2,0,0
B292,71,100,0,0,0,0.1,0.1,0.2,0,0
B293,71,100,0,0,0,0.1,0.1,0.2,0,0
B294,71,100,0,0,0,0.1,0.1,0.2,0,0
B295,72,100,0,0,0,0.1,0.1,2,0,0
B296,72,100,0,0,0,0.1,0.1,2,0,0
B297,72,100,0,0,0,0.1,0.1,2,0,0
B298,72,100,0,0,0,0.1,0.1,2,0,0
B299,72,100,0,0,0,0.1,0.1,2,0,0
B300,72,100,0,0,0,0.1,0.1,2,0,0
B301,73,100,0,0,0,0.1,0.1,20,0,0
B302,73,100,0,0,0,0.1,0.1,20,0,0
B303,73,100,0,0,0,0.1,0.1,20,0,0
B304,73,100,0,0,0,0.1,0.1,20,0,0
B305,73,100,0,0,0,0.1,0.1,20,0,0
B306,73,100,0,0,0,0.1,0.1,20,0,0
B307,74,100,0,0,0,0.1,0.1,200,0,0
B308,74,100,0,0,0,0.1,0.1,200,0,0
B309,74,100,0,0,0,0.1,0.1,200,0,0
B310,74,100,0,0,0,0.1,0.1,200,0,0
B311,74,100,0,0,0,0.1,0.1,200,0,0
B312,74,100,0,0,0,0.1,0.1,200,0,0
B313,75,100,0,0,0,0.1,1,0.2,0,0
B314,75,100,0,0,0,0.1,1,0.2,0,0
B315,75,100,0,0,0,0.1,1,0.2,0,0
B316,75,100,0,0,0,0.1,1,0.2,0,0
B317,75,100,0,0,0,0.1,1,0.2,0,0
B318,75,100,0,0,0,0.1,1,0.2,0,0
B319,76,100,0,0,0,0.1,1,2,0,0
B320,76,100,0,0,0,0.1,1,2,0,0
B321,76,100,0,0,0,0.1,1,2,0,0
B322,76,100,0,0,0,0.1,1,2,0,0
B323,76,100,0,0,0,0.1,1,2,0,0
B324,76,100,0,0,0,0.1,1,2,0,0
B325,77,100,0,0,0,0.1,1,20,0,0
B326,77,100,0,0,0,0.1,1,20,0,0
B327,77,100,0,0,0,0.1,1,20,0,0
B328,77,100,0,0,0,0.1,1,20,0,0
B329,77,100,0,0,0,0.1,1,20,0,0
B330,77,100,0,0,0,0.1,1,20,0,0
B331,78,100,0,0,0,0.1,1,200,0,0
B332,78,100,0,0,0,0.1,1,200,0,0
B333,78,100,0,0,0,0.1,1,200,0,0
B334,78,100,0,0,0,0.1,1,200,0,0
B335,78,100,0,0,0,0.1,1,200,0,0
B336,78,100,0,0,0,0.1,1,200,0,0
B337,79,100,0,0,0,10,0.1,0.2,0,0
B338,79,100,0,0,0,10,0.1,0.2,0,0
B339,79,100,0,0,0,10,0.1,0.2,0,0
B340,79,100,0,0,0,10,0.1,0.2,0,0
B341,79,100,0,0,0,10,0.1,0.2,0,0
B342,79,100,0,0,0,10,0.1,0.2,0,0
B343,80,100,0,0,0,10,0.1,2,0,0
B344,80,100,0,0,0,10,0.1,2,0,0
B345,80,100,0,0,0,10,0.1,2,0,0
B346,80,100,0,0,0,10,0.1,2,0,0
B347,80,100,0,0,0,10,0.1,2,0,0
B348,80,100,0,0,0,10,0.1,2,0,0
B349,81,100,0,0,0,10,0.1,20,0,0
B350,81,100,0,0,0,10,0.1,20,0,0
B351,81,100,0,0,0,10,0.1,20,0,0
B352,81,100,0,0,0,10,0.1,20,0,0
B353,81,100,0,0,0,10,0.1,20,0,0
B354,81,100,0,0,0,10,0.1,20,0,0
B355,82,100,0,0,0,10,0.1,200,0,0
B356,82,100,0,0,0,10,0.1,200,0,0
B357,82,100,0,0,0,10,0.1,200,0,0
B358,82,100,0,0,0,10,0.1,200,0,0
B359,82,100,0,0,0,10,0.1,200,0,0
B360,82,100,0,0,0,10,0.1,200,0,0
B361,83,100,0,0,0,10,1,0.2,0,0
B362,83,100,0,0,0,10,1,0.2,0,0
B363,83,100,0,0,0,10,1,0.2,0,0
B364,83,100,0,0,0,10,1,0.2,0,0
B365,83,100,0,0,0,10,1,0.2,0,0
B366,83,100,0,0,0,10,1,0.2,0,0
B367,84,100,0,0,0,10,1,2,0,0
B368,84,100,0,0,0,10,1,2,0,0
B369,84,100,0,0,0,10,1,2,0,0
B370,84,100,0,0,0,10,1,2,0,0
B371,84,100,0,0,0,10,1,2,0,0
B372,84,100,0,0,0,10,1,2,0,0
B373,85,100,0,0,0,10,1,20,0,0
B374,85,100,0,0,0,10,1,20,0,0
B375,85,100,0,0,0,10,1,20,0,0
B376,85,100,0,0,0,10,1,20,0,0
B377,85,100,0,0,0,10,1,20,0,0
B378,85,100,0,0,0,10,1,20,0,0
B379,86,100,0,0,0,10,1,200,0,0
B380,86,100,0,0,0,10,1,200,0,0
B381,86,100,0,0,0,10,1,200,0,0
B382,86,100,0,0,0,10,1,200,0,0
B383,86,100,0,0,0,10,1,200,0,0
B384,86,100,0,0,0,10,1,200,0,0
B385,87,100,0,0,0,10,10,0.2,0,0
B386,87,100,0,0,0,10,10,0.2,0,0
B387,87,100,0,0,0,10,10,0.2,0,0
B388,87,100,0,0,0,10,10,0.2,0,0
B389,87,100,0,0,0,10,10,0.2,0,0
B390,87,100,0,0,0,10,10,0.2,0,0
B391,88,100,0,0,0,10,10,2,0,0
B392,88,100,0,0,0,10,10,2,0,0
B393,88,100,0,0,0,10,10,2,0,0
B394,88,100,0,0,0,10,10,2,0,0
B395,88,100,0,0,0,10,10,2,0,0
B396,88,100,0,0,0,10,10,2,0,0
B397,89,100,0,0,0,10,10,20,0,0
B398,89,100,0,0,0,10,10,20,0,0
B399,89,100,0,0,0,10,10,20,0,0
B400,89,100,0,0,0,10,10,20,0,0
B401,89,100,0,0,0,10,10,20,0,0
B402,89,100,0,0,0,10,10,20,0,0
B403,90,100,0,0,0,10,10,200,0,0
B404,90,100,0,0,0,10,10,200,0,0
B405,90,100,0,0,0,10,10,200,0,0
B406,90,100,0,0,0,10,10,200,0,0
B407,90,100,0,0,0,10,10,200,0,0
B408,90,100,0,0,0,10,10,200,0,0
B409,91,100,0,0,0,10,50,0.2,0,0
B410,91,100,0,0,0,10,50,0.2,0,0
B411,91,100,0,0,0,10,50,0.2,0,0
B412,91,100,0,0,0,10,50,0.2,0,0
B413,91,100,0,0,0,10,50,0.2,0,0
B414,91,100,0,0,0,10,50,0.2,0,0
B415,92,100,0,0,0,10,50,2,0,0
B416,92,100,0,0,0,10,50,2,0,0
B417,92,100,0,0,0,10,50,2,0,0
B418,92,100,0,0,0,10,50,2,0,0
B419,92,100,0,0,0,10,50,2,0,0
B420,92,100,0,0,0,10,50,2,0,0
B421,93,100,0,0,0,10,50,20,0,0
B422,93,100,0,0,0,10,50,20,0,0
B423,93,100,0,0,0,10,50,20,0,0
B424,93,100,0,0,0,10,50,20,0,0
B425,93,100,0,0,0,10,50,20,0,0
B426,93,100,0,0,0,10,50,20,0,0
B427,94,100,0,0,0,10,50,200,0,0
B428,94,100,0,0,0,10,50,200,0,0
B429,94,100,0,0,0,10,50,200,0,0
B430,94,100,0,0,0,10,50,200,0,0
B431,94,100,0,0,0,10,50,200,0,0
B432,94,100,0,0,0,10,50,200,0,0
C1,95,100,0,0,0,200,1,0.2,0,0
C2,95,100,0,0,0,200,1,0.2,0,0
C3,95,100,0,0,0,200,1,0.2,0,0
C4,95,100,0,0,0,200,1,0.2,0,0
C5,95,100,0,0,0,200,1,0.2,0,0
C6,95,100,0,0,0,200,1,0.2,0,0
C7,96,100,0,0,0,200,1,2,0,0
C8,96,100,0,0,0,200,1,2,0,0
C9,96,100,0,0,0,200,1,2,0,0
C10,96,100,0,0,0,200,1,2,0,0
C11,96,100,0,0,0,200,1,2,0,0
C12,96,100,0,0,0,200,1,2,0,0
C13,97,100,0,0,0,200,1,20,0,0
C14,97,100,0,0,0,200,1,20,0,0
C15,97,100,0,0,0,200,1,20,0,0
C16,97,100,0,0,0,200,1,20,0,0
C17,97,100,0,0,0,200,1,20,0,0
C18,97,100,0,0,0,200,1,20,0,0
C19,98,100,0,0,0,200,1,200,0,0
C20,98,100,0,0,0,200,1,200,0,0
C21,98,100,0,0,0,200,1,200,0,0
C22,98,100,0,0,0,200,1,200,0,0
C23,98,100,0,0,0,200,1,200,0,0
C24,98,100,0,0,0,200,1,200,0,0
C25,99,100,0,0,0,200,10,0.2,0,0
C26,99,100,0,0,0,200,10,0.2,0,0
C27,99,100,0,0,0,200,10,0.2,0,0
C28,99,100,0,0,0,200,10,0.2,0,0
C29,99,100,0,0,0,200,10,0.2,0,0
C30,99,100,0,0,0,200,10,0.2,0,0
C31,100,100,0,0,0,200,10,2,0,0
C32,100,100,0,0,0,200,10,2,0,0
C33,100,100,0,0,0,200,10,2,0,0
C34,100,100,0,0,0,200,10,2,0,0
C35,100,100,0,0,0,200,10,2,0,0
C36,100,100,0,0,0,200,10,2,0,0
C37,101,100,0,0,0,200,10,20,0,0
C38,101,100,0,0,0,200,10,20,0,0
C39,101,100,0,0,0,200,10,20,0,0
C40,101,100,0,0,0,200,10,20,0,0
C41,101,100,0,0,0,200,10,20,0,0
C42,101,100,0,0,0,200,10,20,0,0
C43,102,100,0,0,0,200,10,200,0,0
C44,102,100,0,0,0,200,10,200,0,0
C45,102,100,0,0,0,200,10,200,0,0
C46,102,100,0,0,0,200,10,200,0,0
C47,102,100,0,0,0,200,10,200,0,0
C48,102,100,0,0,0,200,10,200,0,0
C49,103,100,0,0,0,200,0.1,0.2,0,0
C50,103,100,0,0,0,200,0.1,0.2,0,0
C51,103,100,0,0,0,200,0.1,0.2,0,0
C52,103,100,0,0,0,200,0.1,0.2,0,0
C53,103,100,0,0,0,200,0.1,0.2,0,0
C54,103,100,0,0,0,200,0.1,0.2,0,0
C73,104,100,0,0,0,10,0.1,200,0,0
C74,104,100,0,0,0,10,0.1,200,0,0
C75,104,100,0,0,0,10,0.1,200,0,0
C76,104,100,0,0,0,10,0.1,200,0,0
C77,104,100,0,0,0,10,0.1,200,0,0
C78,104,100,0,0,0,10,0.1,200,0,0
C79,105,100,0,0,0,10,1,200,0,0
C80,105,100,0,0,0,10,1,200,0,0
C81,105,100,0,0,0,10,1,200,0,0
C82,105,100,0,0,0,10,1,200,0,0
C83,105,100,0,0,0,10,1,200,0,0
C84,105,100,0,0,0,10,1,200,0,0
C85,106,100,0,0,0,500,1,0.2,0,0
C86,106,100,0,0,0,500,1,0.2,0,0
C87,106,100,0,0,0,500,1,0.2,0,0
C88,106,100,0,0,0,500,1,0.2,0,0
C89,106,100,0,0,0,500,1,0.2,0,0
C90,106,100,0,0,0,500,1,0.2,0,0
C91,107,100,0,0,0,500,1,2,0,0
C92,107,100,0,0,0,500,1,2,0,0
C93,107,100,0,0,0,500,1,2,0,0
C94,107,100,0,0,0,500,1,2,0,0
C95,107,100,0,0,0,500,1,2,0,0
C96,107,100,0,0,0,500,1,2,0,0
C97,108,100,0,0,0,500,1,20,0,0
C98,108,100,0,0,0,500,1,20,0,0
C99,108,100,0,0,0,500,1,20,0,0
C100,108,100,0,0,0,500,1,20,0,0
C101,108,100,0,0,0,500,1,20,0,0
C102,108,100,0,0,0,500,1,20,0,0
C103,109,100,0,0,0,500,1,200,0,0
C104,109,100,0,0,0,500,1,200,0,0
C105,109,100,0,0,0,500,1,200,0,0
C106,109,100,0,0,0,500,1,200,0,0
C107,109,100,0,0,0,500,1,200,0,0
C108,109,100,0,0,0,500,1,200,0,0
C109,110,100,0,0,0,500,10,0.2,0,0
C110,110,100,0,0,0,500,10,0.2,0,0
C111,110,100,0,0,0,500,10,0.2,0,0
C112,110,100,0,0,0,500,10,0.2,0,0
C113,110,100,0,0,0,500,10,0.2,0,0
C114,110,100,0,0,0,500,10,0.2,0,0
C115,111,100,0,0,0,500,10,2,0,0
C116,111,100,0,0,0,500,10,2,0,0
C117,111,100,0,0,0,500,10,2,0,0
C118,111,100,0,0,0,500,10,2,0,0
C119,111,100,0,0,0,500,10,2,0,0
C120,111,100,0,0,0,500,10,2,0,0
C121,112,100,0,0,0,500,10,20,0,0
C122,112,100,0,0,0,500,10,20,0,0
C123,112,100,0,0,0,500,10,20,0,0
C124,112,100,0,0,0,500,10,20,0,0
C125,112,100,0,0,0,500,10,20,0,0
C126,112,100,0,0,0,500,10,20,0,0
C127,113,100,0,0,0,500,10,200,0,0
C128,113,100,0,0,0,500,10,200,0,0
C129,113,100,0,0,0,500,10,200,0,0
C130,113,100,0,0,0,500,10,200,0,0
C131,113,100,0,0,0,500,10,200,0,0
C132,113,100,0,0,0,500,10,200,0,0
C133,114,100,0,0,0,500,0.1,0.2,0,0
C134,114,100,0,0,0,500,0.1,0.2,0,0
C135,114,100,0,0,0,500,0.1,0.2,0,0
C136,114,100,0,0,0,500,0.1,0.2,0,0
C137,114,100,0,0,0,500,0.1,0.2,0,0
C138,114,100,0,0,0,500,0.1,0.2,0,0
C139,115,100,0,0,0,500,0.1,2,0,0
C140,115,100,0,0,0,500,0.1,2,0,0
C141,115,100,0,0,0,500,0.1,2,0,0
C142,115,100,0,0,0,500,0.1,2,0,0
C143,115,100,0,0,0,500,0.1,2,0,0
C144,115,100,0,0,0,500,0.1,2,0,0
C145,116,100,0,0,0,500,0.1,20,0,0
C146,116,100,0,0,0,500,0.1,20,0,0
C147,116,100,0,0,0,500,0.1,20,0,0
C148,116,100,0,0,0,500,0.1,20,0,0
C149,116,100,0,0,0,500,0.1,20,0,0
C150,116,100,0,0,0,500,0.1,20,0,0
C151,117,100,0,0,0,500,0.1,200,0,0
C152,117,100,0,0,0,500,0.1,200,0,0
C153,117,100,0,0,0,500,0.1,200,0,0
C154,117,100,0,0,0,500,0.1,200,0,0
C155,117,100,0,0,0,500,0.1,200,0,0
C156,117,100,0,0,0,500,0.1,200,0,0
C157,118,100,0,0,0,0.1,10,0.2,0,0
C158,118,100,0,0,0,0.1,10,0.2,0,0
C159,118,100,0,0,0,0.1,10,0.2,0,0
C160,118,100,0,0,0,0.1,10,0.2,0,0
C161,118,100,0,0,0,0.1,10,0.2,0,0
C162,118,100,0,0,0,0.1,10,0.2,0,0
C163,119,100,0,0,0,0.1,10,2,0,0
C164,119,100,0,0,0,0.1,10,2,0,0
C165,119,100,0,0,0,0.1,10,2,0,0
C166,119,100,0,0,0,0.1,10,2,0,0
C167,119,100,0,0,0,0.1,10,2,0,0
C168,119,100,0,0,0,0.1,10,2,0,0
C169,120,100,0,0,0,0.1,10,20,0,0
C170,120,100,0,0,0,0.1,10,20,0,0
C171,120,100,0,0,0,0.1,10,20,0,0
C172,120,100,0,0,0,0.1,10,20,0,0
C174,120,100,0,0,0,0.1,10,20,0,0
C175,121,100,0,0,0,0.1,10,200,0,0
C176,121,100,0,0,0,0.1,10,200,0,0
C177,121,100,0,0,0,0.1,10,200,0,0
C178,121,100,0,0,0,0.1,10,200,0,0
C180,121,100,0,0,0,0.1,10,200,0,0
C184,122,100,0,0,0,1,1,200,0,0
C185,122,100,0,0,0,1,1,200,0,0
C186,122,100,0,0,0,1,1,200,0,0
C187,123,100,0,0,0,1,10,200,0,0
C188,123,100,0,0,0,1,10,200,0,0
C189,123,100,0,0,0,1,10,200,0,0
D1,124,100,0,0,1.5,100,10,20,0,0
D2,124,100,0,0,1.5,100,10,20,0,0
D3,124,100,0,0,1.5,100,10,20,0,0
D4,124,100,0,0,1.5,100,10,20,0,0
D5,124,100,0,0,1.5,100,10,20,0,0
D6,124,100,0,0,1.5,100,10,20,0,0
D7,125,100,0,0,15,100,10,20,0,0
D8,125,100,0,0,15,100,10,20,0,0
D9,125,100,0,0,15,100,10,20,0,0
D10,125,100,0,0,15,100,10,20,0,0
D11,125,100,0,0,15,100,10,20,0,0
D12,125,100,0,0,15,100,10,20,0,0
D13,126,100,0,0,150,100,10,20,0,0
D14,126,100,0,0,150,100,10,20,0,0
D15,126,100,0,0,150,100,10,20,0,0
D16,126,100,0,0,150,100,10,20,0,0
D17,126,100,0,0,150,100,10,20,0,0
D18,126,100,0,0,150,100,10,20,0,0
D19,127,100,0,0,1.5,10,0.1,20,0,0
D20,127,100,0,0,1.5,10,0.1,20,0,0
D21,127,100,0,0,1.5,10,0.1,20,0,0
D22,127,100,0,0,1.5,10,0.1,20,0,0
D23,127,100,0,0,1.5,10,0.1,20,0,0
D24,127,100,0,0,1.5,10,0.1,20,0,0
D25,128,100,0,0,15,10,0.1,20,0,0
D26,128,100,0,0,15,10,0.1,20,0,0
D27,128,100,0,0,15,10,0.1,20,0,0
D28,128,100,0,0,15,10,0.1,20,0,0
D29,128,100,0,0,15,10,0.1,20,0,0
D30,128,100,0,0,15,10,0.1,20,0,0
D31,129,100,0,0,150,10,0.1,20,0,0
D32,129,100,0,0,150,10,0.1,20,0,0
D33,129,100,0,0,150,10,0.1,20,0,0
D34,129,100,0,0,150,10,0.1,20,0,0
D35,129,100,0,0,150,10,0.1,20,0,0
D36,129,100,0,0,150,10,0.1,20,0,0
D37,130,100,0,0,15,100,10,20,0,0
D38,130,100,0,0,15,100,10,20,0,0
D39,130,100,0,0,15,100,10,20,0,0
D40,130,100,0,0,15,100,10,20,0,0
D41,130,100,0,0,15,100,10,20,0,0
D42,130,100,0,0,15,100,10,20,0,0
D43,131,100,0,6.58,0,100,10,20,0,0
D44,131,100,0,6.58,0,100,10,20,0,0
D45,131,100,0,6.58,0,100,10,20,0,0
D46,131,100,0,6.58,0,100,10,20,0,0
D47,131,100,0,6.58,0,100,10,20,0,0
D48,131,100,0,6.58,0,100,10,20,0,0
D49,132,100,0,6.58,15,100,10,20,0,0
D50,132,100,0,6.58,15,100,10,20,0,0
D51,132,100,0,6.58,15,100,10,20,0,0
D52,132,100,0,6.58,15,100,10,20,0,0
D53,132,100,0,6.58,15,100,10,20,0,0
D54,132,100,0,6.58,15,100,10,20,0,0
D79,133,100,0,0,15,200,1,100,0,0
D80,133,100,0,0,15,200,1,100,0,0
D81,133,100,0,0,15,200,1,100,0,0
D82,133,100,0,0,15,200,1,100,0,0
D83,133,100,0,0,15,200,1,100,0,0
D84,133,100,0,0,15,200,1,100,0,0
D85,134,100,0,6.58,0,200,1,100,0,0
D86,134,100,0,6.58,0,200,1,100,0,0
D87,134,100,0,6.58,0,200,1,100,0,0
D88,134,100,0,6.58,0,200,1,100,0,0
D89,134,100,0,6.58,0,200,1,100,0,0
D90,134,100,0,6.58,0,200,1,100,0,0
D91,135,100,0,6.58,15,200,1,100,0,0
D92,135,100,0,6.58,15,200,1,100,0,0
D93,135,100,0,6.58,15,200,1,100,0,0
D94,135,100,0,6.58,15,200,1,100,0,0
D95,135,100,0,6.58,15,200,1,100,0,0
D96,135,100,0,6.58,15,200,1,100,0,0
D97,136,100,0,0,0,10,1,20,0,0
D98,136,100,0,0,0,10,1,20,0,0
D99,136,100,0,0,0,10,1,20,0,0
D100,136,100,0,0,0,10,1,20,0,0
D101,136,100,0,0,0,10,1,20,0,0
D102,136,100,0,0,0,10,1,20,0,0
D103,137,100,0,0,15,10,1,20,0,0
D104,137,100,0,0,15,10,1,20,0,0
D105,137,100,0,0,15,10,1,20,0,0
D106,137,100,0,0,15,10,1,20,0,0
D107,137,100,0,0,15,10,1,20,0,0
D108,137,100,0,0,15,10,1,20,0,0
D109,138,100,0,6.58,0,10,1,20,0,0
D110,138,100,0,6.58,0,10,1,20,0,0
D111,138,100,0,6.58,0,10,1,20,0,0
D112,138,100,0,6.58,0,10,1,20,0,0
D113,138,100,0,6.58,0,10,1,20,0,0
D114,138,100,0,6.58,0,10,1,20,0,0
D115,139,100,0,6.58,15,10,1,20,0,0
D116,139,100,0,6.58,15,10,1,20,0,0
D117,139,100,0,6.58,15,10,1,20,0,0
D118,139,100,0,6.58,15,10,1,20,0,0
D119,139,100,0,6.58,15,10,1,20,0,0
D120,139,100,0,6.58,15,10,1,20,0,0
D121,140,100,0,0,15,100,10,20,0,0
D122,140,100,0,0,15,100,10,20,0,0
D123,140,100,0,0,15,100,10,20,0,0
D124,140,100,0,0,15,100,10,20,0,0
D125,140,100,0,0,15,100,10,20,0,0
D126,140,100,0,0,15,100,10,20,0,0
D127,141,100,0,3.29,0,100,10,20,0,0
D128,141,100,0,3.29,0,100,10,20,0,0
D129,141,100,0,3.29,0,100,10,20,0,0
D130,141,100,0,3.29,0,100,10,20,0,0
D131,141,100,0,3.29,0,100,10,20,0,0
D132,141,100,0,3.29,0,100,10,20,0,0
D133,142,100,0,3.29,15,100,10,20,0,0
D134,142,100,0,3.29,15,100,10,20,0,0
D135,142,100,0,3.29,15,100,10,20,0,0
D136,142,100,0,3.29,15,100,10,20,0,0
D137,142,100,0,3.29,15,100,10,20,0,0
D138,142,100,0,3.29,15,100,10,20,0,0
D139,143,100,0,0,15,10,1,20,0,0
D140,143,100,0,0,15,10,1,20,0,0
D141,143,100,0,0,15,10,1,20,0,0
D142,143,100,0,0,15,10,1,20,0,0
D143,143,100,0,0,15,10,1,20,0,0
D144,143,100,0,0,15,10,1,20,0,0
D145,144,100,0,3.29,0,10,1,20,0,0
D146,144,100,0,3.29,0,10,1,20,0,0
D147,144,100,0,3.29,0,10,1,20,0,0
D148,144,100,0,3.29,0,10,1,20,0,0
D149,144,100,0,3.29,0,10,1,20,0,0
D150,144,100,0,3.29,0,10,1,20,0,0
D151,145,100,0,3.29,15,10,1,20,0,0
D152,145,100,0,3.29,15,10,1,20,0,0
D153,145,100,0,3.29,15,10,1,20,0,0
D154,145,100,0,3.29,15,10,1,20,0,0
D155,145,100,0,3.29,15,10,1,20,0,0
D156,145,100,0,3.29,15,10,1,20,0,0
D157,146,100,0,0,15,200,1,100,0,0
D158,146,100,0,0,15,200,1,100,0,0
D159,146,100,0,0,15,200,1,100,0,0
D160,146,100,0,0,15,200,1,100,0,0
D161,146,100,0,0,15,200,1,100,0,0
D162,146,100,0,0,15,200,1,100,0,0
D163,147,100,0,3.29,0,200,1,100,0,0
D164,147,100,0,3.29,0,200,1,100,0,0
D165,147,100,0,3.29,0,200,1,100,0,0
D166,147,100,0,3.29,0,200,1,100,0,0
D167,147,100,0,3.29,0,200,1,100,0,0
D168,147,100,0,3.29,0,200,1,100,0,0
D169,148,100,0,3.29,15,200,1,100,0,0
D170,148,100,0,3.29,15,200,1,100,0,0
D171,148,100,0,3.29,15,200,1,100,0,0
D172,148,100,0,3.29,15,200,1,100,0,0
D173,148,100,0,3.29,15,200,1,100,0,0
D174,148,100,0,3.29,15,200,1,100,0,0
E1,149,100,1,3.29,15,100,10,20,0,0
E2,149,100,1,3.29,15,100,10,20,0,0
E3,149,100,1,3.29,15,100,10,20,0,0
E4,149,100,1,3.29,15,100,10,20,0,0
E5,149,100,1,3.29,15,100,10,20,0,0
E6,149,100,1,3.29,15,100,10,20,0,0
E7,150,100,10,3.29,15,100,10,20,0,0
E8,150,100,10,3.29,15,100,10,20,0,0
E9,150,100,10,3.29,15,100,10,20,0,0
E10,150,100,10,3.29,15,100,10,20,0,0
E11,150,100,10,3.29,15,100,10,20,0,0
E12,150,100,10,3.29,15,100,10,20,0,0
E13,151,100,50,3.29,15,100,10,20,0,0
E14,151,100,50,3.29,15,100,10,20,0,0
E15,151,100,50,3.29,15,100,10,20,0,0
E16,151,100,50,3.29,15,100,10,20,0,0
E17,151,100,50,3.29,15,100,10,20,0,0
E18,151,100,50,3.29,15,100,10,20,0,0
E19,152,100,100,3.29,15,100,10,20,0,0
E20,152,100,100,3.29,15,100,10,20,0,0
E21,152,100,100,3.29,15,100,10,20,0,0
E22,152,100,100,3.29,15,100,10,20,0,0
E23,152,100,100,3.29,15,100,10,20,0,0
E24,152,100,100,3.29,15,100,10,20,0,0
E25,153,100,1,0,0,100,10,20,0,0
E26,153,100,1,0,0,100,10,20,0,0
E27,153,100,1,0,0,100,10,20,0,0
E28,153,100,1,0,0,100,10,20,0,0
E29,153,100,1,0,0,100,10,20,0,0
E30,153,100,1,0,0,100,10,20,0,0
E31,154,100,5,0,0,100,10,20,0,0
E32,154,100,5,0,0,100,10,20,0,0
E33,154,100,5,0,0,100,10,20,0,0
E34,154,100,5,0,0,100,10,20,0,0
E35,154,100,5,0,0,100,10,20,0,0
E36,154,100,5,0,0,100,10,20,0,0
E37,155,100,10,0,0,100,10,20,0,0
E38,155,100,10,0,0,100,10,20,0,0
E39,155,100,10,0,0,100,10,20,0,0
E40,155,100,10,0,0,100,10,20,0,0
E41,155,100,10,0,0,100,10,20,0,0
E42,155,100,10,0,0,100,10,20,0,0
E43,156,100,5,3.29,15,100,10,20,0,0
E44,156,100,5,3.29,15,100,10,20,0,0
E45,156,100,5,3.29,15,100,10,20,0,0
E46,156,100,5,3.29,15,100,10,20,0,0
E47,156,100,5,3.29,15,100,10,20,0,0
E48,156,100,5,3.29,15,100,10,20,0,0
E49,157,100,1,0,0,10,1,20,0,0
E50,157,100,1,0,0,10,1,20,0,0
E51,157,100,1,0,0,10,1,20,0,0
E52,157,100,1,0,0,10,1,20,0,0
E53,157,100,1,0,0,10,1,20,0,0
E54,157,100,1,0,0,10,1,20,0,0
E55,158,100,5,0,0,10,1,20,0,0
E56,158,100,5,0,0,10,1,20,0,0
E57,158,100,5,0,0,10,1,20,0,0
E58,158,100,5,0,0,10,1,20,0,0
E59,158,100,5,0,0,10,1,20,0,0
E60,158,100,5,0,0,10,1,20,0,0
E61,159,100,10,0,0,10,1,20,0,0
E62,159,100,10,0,0,10,1,20,0,0
E63,159,100,10,0,0,10,1,20,0,0
E64,159,100,10,0,0,10,1,20,0,0
E65,159,100,10,0,0,10,1,20,0,0
E66,159,100,10,0,0,10,1,20,0,0
E67,160,100,1,0,0,200,1,100,0,0
E68,160,100,1,0,0,200,1,100,0,0
E69,160,100,1,0,0,200,1,100,0,0
E70,160,100,1,0,0,200,1,100,0,0
E71,160,100,1,0,0,200,1,100,0,0
E72,160,100,1,0,0,200,1,100,0,0
E73,161,100,5,0,0,200,1,100,0,0
E74,161,100,5,0,0,200,1,100,0,0
E75,161,100,5,0,0,200,1,100,0,0
E76,161,100,5,0,0,200,1,100,0,0
E77,161,100,5,0,0,200,1,100,0,0
E78,161,100,5,0,0,200,1,100,0,0
E79,162,100,10,0,0,200,1,100,0,0
E80,162,100,10,0,0,200,1,100,0,0
E81,162,100,10,0,0,200,1,100,0,0
E82,162,100,10,0,0,200,1,100,0,0
E83,162,100,10,0,0,200,1,100,0,0
E84,162,100,10,0,0,200,1,100,0,0
E85,163,100,1,3.29,15,10,1,20,0,0
E86,163,100,1,3.29,15,10,1,20,0,0
E87,163,100,1,3.29,15,10,1,20,0,0
E88,163,100,1,3.29,15,10,1,20,0,0
E89,163,100,1,3.29,15,10,1,20,0,0
E90,163,100,1,3.29,15,10,1,20,0,0
E91,164,100,5,3.29,15,10,1,20,0,0
E92,164,100,5,3.29,15,10,1,20,0,0
E93,164,100,5,3.29,15,10,1,20,0,0
E94,164,100,5,3.29,15,10,1,20,0,0
E95,164,100,5,3.29,15,10,1,20,0,0
E96,164,100,5,3.29,15,10,1,20,0,0
E97,165,100,10,3.29,15,10,1,20,0,0
E98,165,100,10,3.29,15,10,1,20,0,0
E99,165,100,10,3.29,15,10,1,20,0,0
E100,165,100,10,3.29,15,10,1,20,0,0
E101,165,100,10,3.29,15,10,1,20,0,0
E102,165,100,10,3.29,15,10,1,20,0,0
E103,166,100,50,3.29,15,10,1,20,0,0
E104,166,100,50,3.29,15,10,1,20,0,0
E105,166,100,50,3.29,15,10,1,20,0,0
E106,166,100,50,3.29,15,10,1,20,0,0
E107,166,100,50,3.29,15,10,1,20,0,0
E108,166,100,50,3.29,15,10,1,20,0,0
E109,167,100,1,3.29,15,200,1,100,0,0
E110,167,100,1,3.29,15,200,1,100,0,0
E111,167,100,1,3.29,15,200,1,100,0,0
E112,167,100,1,3.29,15,200,1,100,0,0
E113,167,100,1,3.29,15,200,1,100,0,0
E114,167,100,1,3.29,15,200,1,100,0,0
E115,168,100,5,3.29,15,200,1,100,0,0
E116,168,100,5,3.29,15,200,1,100,0,0
E117,168,100,5,3.29,15,200,1,100,0,0
E118,168,100,5,3.29,15,200,1,100,0,0
E119,168,100,5,3.29,15,200,1,100,0,0
E120,168,100,5,3.29,15,200,1,100,0,0
E121,169,100,10,3.29,15,200,1,100,0,0
E122,169,100,10,3.29,15,200,1,100,0,0
E123,169,100,10,3.29,15,200,1,100,0,0
E124,169,100,10,3.29,15,200,1,100,0,0
E125,169,100,10,3.29,15,200,1,100,0,0
E126,169,100,10,3.29,15,200,1,100,0,0
E127,170,100,50,3.29,15,200,1,100,0,0
E128,170,100,50,3.29,15,200,1,100,0,0
E129,170,100,50,3.29,15,200,1,100,0,0
E130,170,100,50,3.29,15,200,1,100,0,0
E131,170,100,50,3.29,15,200,1,100,0,0
E132,170,100,50,3.29,15,200,1,100,0,0
E133,171,100,0.01,3.29,15,100,10,20,0,0
E134,171,100,0.01,3.29,15,100,10,20,0,0
E135,171,100,0.01,3.29,15,100,10,20,0,0
E136,171,100,0.01,3.29,15,100,10,20,0,0
E137,171,100,0.01,3.29,15,100,10,20,0,0
E138,171,100,0.01,3.29,15,100,10,20,0,0
E139,172,100,0.1,3.29,15,100,10,20,0,0
E140,172,100,0.1,3.29,15,100,10,20,0,0
E141,172,100,0.1,3.29,15,100,10,20,0,0
E142,172,100,0.1,3.29,15,100,10,20,0,0
E143,172,100,0.1,3.29,15,100,10,20,0,0
E144,172,100,0.1,3.29,15,100,10,20,0,0
E145,173,100,0.01,0,0,100,10,20,0,0
E146,173,100,0.01,0,0,100,10,20,0,0
E147,173,100,0.01,0,0,100,10,20,0,0
E148,173,100,0.01,0,0,100,10,20,0,0
E149,173,100,0.01,0,0,100,10,20,0,0
E150,173,100,0.01,0,0,100,10,20,0,0
E151,174,100,0.1,0,0,100,10,20,0,0
E152,174,100,0.1,0,0,100,10,20,0,0
E153,174,100,0.1,0,0,100,10,20,0,0
E154,174,100,0.1,0,0,100,10,20,0,0
E155,174,100,0.1,0,0,100,10,20,0,0
E156,174,100,0.1,0,0,100,10,20,0,0
E157,175,100,0.01,3.29,15,10,1,20,0,0
E158,175,100,0.01,3.29,15,10,1,20,0,0
E159,175,100,0.01,3.29,15,10,1,20,0,0
E160,175,100,0.01,3.29,15,10,1,20,0,0
E161,175,100,0.01,3.29,15,10,1,20,0,0
E162,175,100,0.01,3.29,15,10,1,20,0,0
E163,176,100,0.1,3.29,15,10,1,20,0,0
E164,176,100,0.1,3.29,15,10,1,20,0,0
E165,176,100,0.1,3.29,15,10,1,20,0,0
E166,176,100,0.1,3.29,15,10,1,20,0,0
E167,176,100,0.1,3.29,15,10,1,20,0,0
E168,176,100,0.1,3.29,15,10,1,20,0,0
E169,177,100,0.01,0,0,10,1,20,0,0
E170,177,100,0.01,0,0,10,1,20,0,0
E171,177,100,0.01,0,0,10,1,20,0,0
E172,177,100,0.01,0,0,10,1,20,0,0
E173,177,100,0.01,0,0,10,1,20,0,0
E174,177,100,0.01,0,0,10,1,20,0,0
E175,178,100,0.1,0,0,10,1,20,0,0
E176,178,100,0.1,0,0,10,1,20,0,0
E177,178,100,0.1,0,0,10,1,20,0,0
E178,178,100,0.1,0,0,10,1,20,0,0
E179,178,100,0.1,0,0,10,1,20,0,0
E180,178,100,0.1,0,0,10,1,20,0,0
E223,179,100,50,0,0,100,10,20,0,0
E224,179,100,50,0,0,100,10,20,0,0
E225,179,100,50,0,0,100,10,20,0,0
E226,179,100,50,0,0,100,10,20,0,0
E227,179,100,50,0,0,100,10,20,0,0
E228,179,100,50,0,0,100,10,20,0,0
E229,180,100,100,0,0,100,10,20,0,0
E230,180,100,100,0,0,100,10,20,0,0
E231,180,100,100,0,0,100,10,20,0,0
E232,180,100,100,0,0,100,10,20,0,0
E233,180,100,100,0,0,100,10,20,0,0
E234,180,100,100,0,0,100,10,20,0,0
E235,181,100,50,0,0,10,1,20,0,0
E236,181,100,50,0,0,10,1,20,0,0
E237,181,100,50,0,0,10,1,20,0,0
E238,181,100,50,0,0,10,1,20,0,0
E239,181,100,50,0,0,10,1,20,0,0
E240,181,100,50,0,0,10,1,20,0,0
E241,182,100,100,0,0,10,1,20,0,0
E242,182,100,100,0,0,10,1,20,0,0
E243,182,100,100,0,0,10,1,20,0,0
E244,182,100,100,0,0,10,1,20,0,0
E245,182,100,100,0,0,10,1,20,0,0
E246,182,100,100,0,0,10,1,20,0,0
E247,183,100,100,3.29,15,10,1,20,0,0
E248,183,100,100,3.29,15,10,1,20,0,0
E249,183,100,100,3.29,15,10,1,20,0,0
E250,183,100,100,3.29,15,10,1,20,0,0
E251,183,100,100,3.29,15,10,1,20,0,0
E252,183,100,100,3.29,15,10,1,20,0,0
F1,184,100,0,0.0329,15,100,10,20,0,0
F2,184,100,0,0.0329,15,100,10,20,0,0
F3,184,100,0,0.0329,15,100,10,20,0,0
F4,184,100,0,0.0329,15,100,10,20,0,0
F5,184,100,0,0.0329,15,100,10,20,0,0
F6,184,100,0,0.0329,15,100,10,20,0,0
F7,185,100,0,0.329,15,100,10,20,0,0
F8,185,100,0,0.329,15,100,10,20,0,0
F9,185,100,0,0.329,15,100,10,20,0,0
F10,185,100,0,0.329,15,100,10,20,0,0
F11,185,100,0,0.329,15,100,10,20,0,0
F12,185,100,0,0.329,15,100,10,20,0,0
F13,186,100,0,32.9,15,100,10,20,0,0
F14,186,100,0,32.9,15,100,10,20,0,0
F15,186,100,0,32.9,15,100,10,20,0,0
F16,186,100,0,32.9,15,100,10,20,0,0
F17,186,100,0,32.9,15,100,10,20,0,0
F18,186,100,0,32.9,15,100,10,20,0,0
F19,187,100,0,0.0329,15,10,1,20,0,0
F20,187,100,0,0.0329,15,10,1,20,0,0
F21,187,100,0,0.0329,15,10,1,20,0,0
F22,187,100,0,0.0329,15,10,1,20,0,0
F23,187,100,0,0.0329,15,10,1,20,0,0
F24,187,100,0,0.0329,15,10,1,20,0,0
F25,188,100,0,0.329,15,10,1,20,0,0
F26,188,100,0,0.329,15,10,1,20,0,0
F27,188,100,0,0.329,15,10,1,20,0,0
F28,188,100,0,0.329,15,10,1,20,0,0
F29,188,100,0,0.329,15,10,1,20,0,0
F30,188,100,0,0.329,15,10,1,20,0,0
F31,189,100,0,32.9,15,10,1,20,0,0
F32,189,100,0,32.9,15,10,1,20,0,0
F33,189,100,0,32.9,15,10,1,20,0,0
F34,189,100,0,32.9,15,10,1,20,0,0
F35,189,100,0,32.9,15,10,1,20,0,0
F36,189,100,0,32.9,15,10,1,20,0,0
F37,190,100,0,0.0329,15,200,1,100,0,0
F38,190,100,0,0.0329,15,200,1,100,0,0
F39,190,100,0,0.0329,15,200,1,100,0,0
F40,190,100,0,0.0329,15,200,1,100,0,0
F41,190,100,0,0.0329,15,200,1,100,0,0
F42,190,100,0,0.0329,15,200,1,100,0,0
F43,191,100,0,0.329,15,200,1,100,0,0
F44,191,100,0,0.329,15,200,1,100,0,0
F45,191,100,0,0.329,15,200,1,100,0,0
F46,191,100,0,0.329,15,200,1,100,0,0
F47,191,100,0,0.329,15,200,1,100,0,0
F48,191,100,0,0.329,15,200,1,100,0,0
F49,192,100,0,32.9,15,200,1,100,0,0
F50,192,100,0,32.9,15,200,1,100,0,0
F51,192,100,0,32.9,15,200,1,100,0,0
F52,192,100,0,32.9,15,200,1,100,0,0
F53,192,100,0,32.9,15,200,1,100,0,0
F54,192,100,0,32.9,15,200,1,100,0,0
F55,193,100,0,3.29,0.15,100,10,20,0,0
F56,193,100,0,3.29,0.15,100,10,20,0,0
F57,193,100,0,3.29,0.15,100,10,20,0,0
F58,193,100,0,3.29,0.15,100,10,20,0,0
F59,193,100,0,3.29,0.15,100,10,20,0,0
F60,193,100,0,3.29,0.15,100,10,20,0,0
F61,194,100,0,3.29,1.5,100,10,20,0,0
F62,194,100,0,3.29,1.5,100,10,20,0,0
F63,194,100,0,3.29,1.5,100,10,20,0,0
F64,194,100,0,3.29,1.5,100,10,20,0,0
F65,194,100,0,3.29,1.5,100,10,20,0,0
F66,194,100,0,3.29,1.5,100,10,20,0,0
F67,195,100,0,3.29,150,100,10,20,0,0
F68,195,100,0,3.29,150,100,10,20,0,0
F69,195,100,0,3.29,150,100,10,20,0,0
F70,195,100,0,3.29,150,100,10,20,0,0
F71,195,100,0,3.29,150,100,10,20,0,0
F72,195,100,0,3.29,150,100,10,20,0,0
F73,196,100,0,3.29,0.15,10,1,20,0,0
F74,196,100,0,3.29,0.15,10,1,20,0,0
F75,196,100,0,3.29,0.15,10,1,20,0,0
F76,196,100,0,3.29,0.15,10,1,20,0,0
F77,196,100,0,3.29,0.15,10,1,20,0,0
F78,196,100,0,3.29,0.15,10,1,20,0,0
F79,197,100,0,3.29,1.5,10,1,20,0,0
F80,197,100,0,3.29,1.5,10,1,20,0,0
F81,197,100,0,3.29,1.5,10,1,20,0,0
F82,197,100,0,3.29,1.5,10,1,20,0,0
F83,197,100,0,3.29,1.5,10,1,20,0,0
F84,197,100,0,3.29,1.5,10,1,20,0,0
F85,198,100,0,3.29,150,10,1,20,0,0
F86,198,100,0,3.29,150,10,1,20,0,0
F87,198,100,0,3.29,150,10,1,20,0,0
F88,198,100,0,3.29,150,10,1,20,0,0
F89,198,100,0,3.29,150,10,1,20,0,0
F90,198,100,0,3.29,150,10,1,20,0,0
F91,199,100,0,3.29,0.15,200,1,100,0,0
F92,199,100,0,3.29,0.15,200,1,100,0,0
F93,199,100,0,3.29,0.15,200,1,100,0,0
F94,199,100,0,3.29,0.15,200,1,100,0,0
F95,199,100,0,3.29,0.15,200,1,100,0,0
F96,199,100,0,3.29,0.15,200,1,100,0,0
F97,200,100,0,3.29,1.5,200,1,100,0,0
F98,200,100,0,3.29,1.5,200,1,100,0,0
F99,200,100,0,3.29,1.5,200,1,100,0,0
F100,200,100,0,3.29,1.5,200,1,100,0,0
F101,200,100,0,3.29,1.5,200,1,100,0,0
F102,200,100,0,3.29,1.5,200,1,100,0,0
F103,201,100,0,3.29,150,200,1,100,0,0
F104,201,100,0,3.29,150,200,1,100,0,0
F105,201,100,0,3.29,150,200,1,100,0,0
F106,201,100,0,3.29,150,200,1,100,0,0
F107,201,100,0,3.29,150,200,1,100,0,0
F108,201,100,0,3.29,150,200,1,100,0,0
G1,202,100,0.01,3.29,1.5,100,10,20,0,0.002
G2,202,100,0.01,3.29,1.5,100,10,20,0,0.002
G3,202,100,0.01,3.29,1.5,100,10,20,0,0.002
G4,202,100,0.01,3.29,1.5,100,10,20,0,0.002
G5,202,100,0.01,3.29,1.5,100,10,20,0,0.002
G6,202,100,0.01,3.29,1.5,100,10,20,0,0.002
G7,203,100,0.01,3.29,1.5,100,10,20,0,0.02
G8,203,100,0.01,3.29,1.5,100,10,20,0,0.02
G9,203,100,0.01,3.29,1.5,100,10,20,0,0.02
G10,203,100,0.01,3.29,1.5,100,10,20,0,0.02
G11,203,100,0.01,3.29,1.5,100,10,20,0,0.02
G12,203,100,0.01,3.29,1.5,100,10,20,0,0.02
G13,204,100,0.01,3.29,1.5,100,10,20,0,0.2
G14,204,100,0.01,3.29,1.5,100,10,20,0,0.2
G15,204,100,0.01,3.29,1.5,100,10,20,0,0.2
G16,204,100,0.01,3.29,1.5,100,10,20,0,0.2
G17,204,100,0.01,3.29,1.5,100,10,20,0,0.2
G18,204,100,0.01,3.29,1.5,100,10,20,0,0.2
G19,205,100,0.01,3.29,1.5,100,10,20,0,2
G20,205,100,0.01,3.29,1.5,100,10,20,0,2
G21,205,100,0.01,3.29,1.5,100,10,20,0,2
G22,205,100,0.01,3.29,1.5,100,10,20,0,2
G23,205,100,0.01,3.29,1.5,100,10,20,0,2
G24,205,100,0.01,3.29,1.5,100,10,20,0,2
G25,206,100,0.01,3.29,1.5,10,1,20,0,0.002
G26,206,100,0.01,3.29,1.5,10,1,20,0,0.002
G27,206,100,0.01,3.29,1.5,10,1,20,0,0.002
G28,206,100,0.01,3.29,1.5,10,1,20,0,0.002
G29,206,100,0.01,3.29,1.5,10,1,20,0,0.002
G30,206,100,0.01,3.29,1.5,10,1,20,0,0.002
G31,207,100,0.01,3.29,1.5,10,1,20,0,0.02
G32,207,100,0.01,3.29,1.5,10,1,20,0,0.02
G33,207,100,0.01,3.29,1.5,10,1,20,0,0.02
G34,207,100,0.01,3.29,1.5,10,1,20,0,0.02
G35,207,100,0.01,3.29,1.5,10,1,20,0,0.02
G36,207,100,0.01,3.29,1.5,10,1,20,0,0.02
G37,208,100,0.01,3.29,1.5,10,1,20,0,0.2
G38,208,100,0.01,3.29,1.5,10,1,20,0,0.2
G39,208,100,0.01,3.29,1.5,10,1,20,0,0.2
G40,208,100,0.01,3.29,1.5,10,1,20,0,0.2
G41,208,100,0.01,3.29,1.5,10,1,20,0,0.2
G42,208,100,0.01,3.29,1.5,10,1,20,0,0.2
G43,209,100,0.01,3.29,1.5,10,1,20,0,2
G44,209,100,0.01,3.29,1.5,10,1,20,0,2
G45,209,100,0.01,3.29,1.5,10,1,20,0,2
G46,209,100,0.01,3.29,1.5,10,1,20,0,2
G47,209,100,0.01,3.29,1.5,10,1,20,0,2
G48,209,100,0.01,3.29,1.5,10,1,20,0,2
G49,210,100,0.01,3.29,1.5,100,10,20,0.002,0
G50,210,100,0.01,3.29,1.5,100,10,20,0.002,0
G51,210,100,0.01,3.29,1.5,100,10,20,0.002,0
G52,210,100,0.01,3.29,1.5,100,10,20,0.002,0
G53,210,100,0.01,3.29,1.5,100,10,20,0.002,0
G54,210,100,0.01,3.29,1.5,100,10,20,0.002,0
G55,211,100,0.01,3.29,1.5,100,10,20,0.02,0
G56,211,100,0.01,3.29,1.5,100,10,20,0.02,0
G57,211,100,0.01,3.29,1.5,100,10,20,0.02,0
G58,211,100,0.01,3.29,1.5,100,10,20,0.02,0
G59,211,100,0.01,3.29,1.5,100,10,20,0.02,0
G60,211,100,0.01,3.29,1.5,100,10,20,0.02,0
G61,212,100,0.01,3.29,1.5,100,10,20,0.2,0
G62,212,100,0.01,3.29,1.5,100,10,20,0.2,0
G63,212,100,0.01,3.29,1.5,100,10,20,0.2,0
G64,212,100,0.01,3.29,1.5,100,10,20,0.2,0
G65,212,100,0.01,3.29,1.5,100,10,20,0.2,0
G66,212,100,0.01,3.29,1.5,100,10,20,0.2,0
G67,213,100,0.01,3.29,1.5,100,10,20,2,0
G68,213,100,0.01,3.29,1.5,100,10,20,2,0
G69,213,100,0.01,3.29,1.5,100,10,20,2,0
G70,213,100,0.01,3.29,1.5,100,10,20,2,0
G71,213,100,0.01,3.29,1.5,100,10,20,2,0
G72,213,100,0.01,3.29,1.5,100,10,20,2,0
G73,214,100,0,3.29,1.5,10,1,20,0.002,0
G74,214,100,0,3.29,1.5,10,1,20,0.002,0
G75,214,100,0,3.29,1.5,10,1,20,0.002,0
G76,214,100,0,3.29,1.5,10,1,20,0.002,0
G77,214,100,0,3.29,1.5,10,1,20,0.002,0
G78,214,100,0,3.29,1.5,10,1,20,0.002,0
G79,215,100,0,3.29,1.5,10,1,20,0.02,0
G80,215,100,0,3.29,1.5,10,1,20,0.02,0
G81,215,100,0,3.29,1.5,10,1,20,0.02,0
G82,215,100,0,3.29,1.5,10,1,20,0.02,0
G83,215,100,0,3.29,1.5,10,1,20,0.02,0
G84,215,100,0,3.29,1.5,10,1,20,0.02,0
G85,216,100,0,3.29,1.5,10,1,20,0.2,0
G86,216,100,0,3.29,1.5,10,1,20,0.2,0
G87,216,100,0,3.29,1.5,10,1,20,0.2,0
G88,216,100,0,3.29,1.5,10,1,20,0.2,0
G89,216,100,0,3.29,1.5,10,1,20,0.2,0
G90,216,100,0,3.29,1.5,10,1,20,0.2,0
G91,217,100,0,3.29,1.5,10,1,20,2,0
G92,217,100,0,3.29,1.5,10,1,20,2,0
G93,217,100,0,3.29,1.5,10,1,20,2,0
G94,217,100,0,3.29,1.5,10,1,20,2,0
G95,217,100,0,3.29,1.5,10,1,20,2,0
G96,217,100,0,3.29,1.5,10,1,20,2,0
G97,218,100,0,3.29,1.5,100,10,20,0,0.002
G98,218,100,0,3.29,1.5,100,10,20,0,0.002
G99,218,100,0,3.29,1.5,100,10,20,0,0.002
G100,218,100,0,3.29,1.5,100,10,20,0,0.002
G101,218,100,0,3.29,1.5,100,10,20,0,0.002
G102,218,100,0,3.29,1.5,100,10,20,0,0.002
G103,219,100,0,3.29,1.5,100,10,20,0,0.02
G104,219,100,0,3.29,1.5,100,10,20,0,0.02
G105,219,100,0,3.29,1.5,100,10,20,0,0.02
G106,219,100,0,3.29,1.5,100,10,20,0,0.02
G107,219,100,0,3.29,1.5,100,10,20,0,0.02
G108,219,100,0,3.29,1.5,100,10,20,0,0.02
G109,220,100,0,3.29,1.5,100,10,20,0,0.2
G110,220,100,0,3.29,1.5,100,10,20,0,0.2
G111,220,100,0,3.29,1.5,100,10,20,0,0.2
G112,220,100,0,3.29,1.5,100,10,20,0,0.2
G113,220,100,0,3.29,1.5,100,10,20,0,0.2
G114,220,100,0,3.29,1.5,100,10,20,0,0.2
G115,221,100,0,3.29,1.5,100,10,20,0,2
G116,221,100,0,3.29,1.5,100,10,20,0,2
G117,221,100,0,3.29,1.5,100,10,20,0,2
G118,221,100,0,3.29,1.5,100,10,20,0,2
G119,221,100,0,3.29,1.5,100,10,20,0,2
G120,221,100,0,3.29,1.5,100,10,20,0,2
G121,222,100,0,3.29,1.5,10,1,20,0,0.002
G122,222,100,0,3.29,1.5,10,1,20,0,0.002
G123,222,100,0,3.29,1.5,10,1,20,0,0.002
G124,222,100,0,3.29,1.5,10,1,20,0,0.002
G125,222,100,0,3.29,1.5,10,1,20,0,0.002
G126,222,100,0,3.29,1.5,10,1,20,0,0.002
G127,223,100,0,3.29,1.5,10,1,20,0,0.02
G128,223,100,0,3.29,1.5,10,1,20,0,0.02
G129,223,100,0,3.29,1.5,10,1,20,0,0.02
G130,223,100,0,3.29,1.5,10,1,20,0,0.02
G131,223,100,0,3.29,1.5,10,1,20,0,0.02
G132,223,100,0,3.29,1.5,10,1,20,0,0.02
G133,224,100,0,3.29,1.5,10,1,20,0,0.2
G134,224,100,0,3.29,1.5,10,1,20,0,0.2
G135,224,100,0,3.29,1.5,10,1,20,0,0.2
G136,224,100,0,3.29,1.5,10,1,20,0,0.2
G137,224,100,0,3.29,1.5,10,1,20,0,0.2
G138,224,100,0,3.29,1.5,10,1,20,0,0.2
G139,225,100,0,3.29,1.5,10,1,20,0,2
G140,225,100,0,3.29,1.5,10,1,20,0,2
G141,225,100,0,3.29,1.5,10,1,20,0,2
G142,225,100,0,3.29,1.5,10,1,20,0,2
G143,225,100,0,3.29,1.5,10,1,20,0,2
G144,225,100,0,3.29,1.5,10,1,20,0,2
