,mean,se_mean,sd,2.5%,25%,50%,75%,97.5%,n_eff,Rhat
lengthscale[1],1.1908184923923815,0.008301523732811516,0.3926177382893321,0.6161694598473898,0.9127734997965132,1.1202691608783875,1.4029293434223291,2.1495873166586548,2236.7848173900584,1.0001505566132705
lengthscale[2],0.7718598487128101,0.3235569100909072,0.6487801904184484,0.2840267198394191,0.3260796033130476,0.3608793229263077,1.238178519540448,2.370658115366173,4.020627168864848,1.6871432301834073
lengthscale[3],0.18586395587649854,0.0003327333012068405,0.011270379774289645,0.16487688209953053,0.17794477034897888,0.18545371739117394,0.19312021645596947,0.20906195858166182,1147.3199977436527,1.006883231940047
lengthscale[4],1.5164859548158116,0.5532081368705526,1.0820268774157784,0.18624493557329364,0.21657152988718345,1.7884533570843617,2.4756687309339593,3.094958077589081,3.8255948914323685,1.8456272081155176
alpha[1],4.069544015931306,0.030958422484383342,1.7486363819627415,1.5087530792422732,2.8025380963200153,3.753017951210313,5.023183024408317,8.31453500785207,3190.3723642883606,0.9997021742048825
alpha[2],3.348474174369737,0.047281926588481515,1.7586608148103064,0.9146765567963422,2.058992485930239,3.0297221879022302,4.297477395697646,7.713428295820746,1383.4830587475235,1.005577150435697
alpha[3],0.4192680424566821,0.005427579602682284,0.15849564316050324,0.2077939388885278,0.3094884369758597,0.38434244270855167,0.49434840185674195,0.8241291145755512,852.7510320572335,1.007936004639906
alpha[4],0.7510403769454331,0.237002918078908,0.7352561596182045,0.08922458322084692,0.1889199464627751,0.5157844611409975,1.048803031144912,2.6226499321112247,9.624317828564127,1.1934083029928468
marginal_alpha,0.5842703729439817,0.00012022781391105475,0.009555644519700241,0.5662774250241825,0.5774847528769349,0.584199491354694,0.5908665807013576,0.6026584180260709,6316.988254741877,1.0018878344856246
marginal_lengthscale,0.38585007127440785,0.0014254213302532033,0.0063679407148657515,0.37416805867708114,0.381312615071308,0.3855743491800025,0.39008458538032914,0.3989165929947992,19.95774715546898,1.089378500174606
sigma,0.04637923647757454,0.0005756998986898708,0.0013468494044003385,0.04378687029749742,0.04534188658163961,0.046493074748317084,0.04738118396453546,0.048729441196532025,5.4732561164801465,1.4160226076197453
"f_eta[1,1]",-0.35008346861947076,0.0039837628060981735,0.1746363564995196,-0.7807814458672544,-0.43141273830487137,-0.31426737389393533,-0.22852372733879145,-0.12013720125241859,1921.6857902574166,1.0009940217902222
"f_eta[2,1]",-0.42814694869077013,0.010468750884726276,0.5246959455738079,-1.4250395574693062,-0.7854189902508081,-0.43001625799863663,-0.08418449923290078,0.6437776386115321,2512.034998433629,1.0014724245816693
"f_eta[3,1]",-0.6348606674717292,0.010421613490571599,0.5282171413016387,-1.6407662431581989,-0.9932429090136472,-0.6302807714613907,-0.2837476729541387,0.410882348918039,2568.9464790043903,1.001142328492695
"f_eta[4,1]",-0.48546338756636837,0.010452068707417448,0.5265276870576152,-1.506854968670881,-0.8468893448037121,-0.48066928486385085,-0.14239235796453673,0.5719157016236132,2537.686179496185,1.0013445139482167
"f_eta[5,1]",-0.007628425490533463,0.007167437639066562,0.19458014982431723,-0.3681540307546201,-0.07891995698272988,-0.0248394990078636,0.03245549202395926,0.4977951370065708,737.0029409556598,1.012680687154256
"f_eta[6,1]",0.024389955433185718,0.024983224825337907,0.5582451594562544,-1.0982585573263361,-0.3322702028624348,0.019383597877879147,0.4035229912922642,1.1186339441357063,499.2900823516749,1.0174277829184504
"f_eta[7,1]",0.004814160089016134,0.04940611743215137,0.5674832928424827,-1.1614098675092532,-0.36541285991554456,0.0012547822227033678,0.3949930081352939,1.0882507855015693,131.93034786379323,1.0333862660763924
"f_eta[8,1]",0.03737763780966243,0.021021305519551906,0.5625720899967767,-1.1292026213858568,-0.3238898237293771,0.039296870532734625,0.4108598943506721,1.12099957844382,716.2044191279545,1.0154282659375409
"f_eta[1,2]",0.8294732996083389,0.00988176508029246,0.42522895697119817,0.17552609360463123,0.5290837943099322,0.7635487538370493,1.078914947683205,1.8259375091485752,1851.7255202091574,1.0002374763027424
"f_eta[2,2]",-0.21972858276483198,0.010156861226545905,0.38290147352820925,-1.0088877190348229,-0.46596479775454824,-0.20599193339681635,0.03577386338013756,0.49520220875798227,1421.1994733435909,1.000953447390722
"f_eta[3,2]",0.5600711683595939,0.00940442306161028,0.3687196202151662,-0.1281391222093315,0.3309581561010562,0.5480847903045147,0.7844402851995523,1.354080816994468,1537.1922278779782,1.0021040353444919
"f_eta[4,2]",-0.6942641196863754,0.013042572273980917,0.4537293659034821,-1.6616567871790169,-0.9797191872456882,-0.6689302381149447,-0.371536823854951,0.1276285826593054,1210.2282113934896,1.0014709230322414
"f_eta[5,2]",0.04489619396260134,0.04143209421240193,0.1514530633628456,-0.1468023386685355,-0.030646484393070023,0.001085607676364135,0.08335515987849841,0.4481078483621232,13.362334919683656,1.143807214091728
"f_eta[6,2]",-0.22731387904716208,0.1321673184454952,0.5947168742562274,-1.3200811294966108,-0.6371978131516729,-0.27036457241046924,0.14813086169277556,0.9982985162769904,20.24754463582569,1.0954848531393029
"f_eta[7,2]",0.02769225311876639,0.19381583926870266,0.6625068245824004,-1.143957529503929,-0.44640819015142263,-0.040511604372251264,0.46892097707754726,1.4286630438848273,11.684286044445514,1.1602640102128088
"f_eta[8,2]",-0.3485766488404007,0.011047195634428481,0.560478570324266,-1.4809139166349208,-0.7025410750701779,-0.35209184168687224,0.0057194957330625774,0.747342880109487,2574.0319566527187,1.0028758599158438
"f_eta[1,3]",0.05019585453850632,0.012427320991983397,0.6059123610675564,-1.1719690110552092,-0.33404388704487253,0.054489182097413644,0.4446396887382259,1.2479667076988115,2377.193821508441,1.0023278857580107
"f_eta[2,3]",0.7240071287278862,0.008458299104309487,0.3276795668241587,0.08006298524289113,0.5029715945706463,0.7229447061354919,0.9448271502051557,1.3673860907480464,1500.8339467749108,1.005737551415967
"f_eta[3,3]",0.3907060955684157,0.007820480935342435,0.31163177384101143,-0.24891319074277102,0.18973494699834748,0.3898530310643047,0.60521604964039,0.9905701223310601,1587.8758375776904,1.0039253613698025
"f_eta[4,3]",0.6044672431932602,0.007918845074647149,0.31279924771426504,-0.022518125262955047,0.39467468547296786,0.6027136732977831,0.8184644895778979,1.2104747903543063,1560.2985572048096,1.0040469154055782
"f_eta[5,3]",0.022721739533418366,0.026948633905517848,0.3358510871066138,-0.8239021936809987,-0.07821478573069687,0.04695638192019297,0.16332800644813844,0.6929273009098592,155.31736270410323,1.0336353014419726
"f_eta[6,3]",0.33455618325271325,0.11340694780422933,0.7120469882372048,-1.260215099475255,-0.06460709207537593,0.41852950904867786,0.7959437088414748,1.6281292026631848,39.42193916129582,1.0509167472900793
"f_eta[7,3]",0.08717167684208427,0.2146138540984601,0.7654360363081102,-1.5803266471960393,-0.4213345969248742,0.1982055957324036,0.6172482975647433,1.4240930063900814,12.720444920486466,1.1191839524735578
"f_eta[8,3]",0.10367667750053884,0.049918853714678364,0.7082968527149152,-1.4955592056641565,-0.2802913547122141,0.17564711397136815,0.5328421090705234,1.4226299731129552,201.3267189695579,1.0183924132750284
"f_eta[1,4]",-0.30175158452567974,0.01350788278529877,0.8636969809602045,-1.9726297268794726,-0.8800095956307501,-0.3233013774590655,0.2723103272481491,1.3924121441327375,4088.3515815499077,0.9996164297932344
"f_eta[2,4]",-0.09774158084718537,0.008433170546326215,0.320233600612813,-0.7465337683644382,-0.3146030728178723,-0.08661889462657357,0.12439833163946516,0.5088867269572773,1441.9560727135606,1.0001541292831742
"f_eta[3,4]",0.8015421044930149,0.009724061584020897,0.3581054758697079,0.10953277350565913,0.5557821466039534,0.7943071714622807,1.0455675180423094,1.502855941410937,1356.2086894304387,1.0042414508787916
"f_eta[4,4]",-0.3077947730439449,0.010087164761610434,0.34461077632046944,-1.0179571641835463,-0.5374500774832859,-0.2920451077730196,-0.06503139524247087,0.33226409096606124,1167.1306633188526,1.001465380406495
"f_eta[5,4]",0.04968000222430223,0.011615246189920892,0.4930921229417782,-1.162581419469789,-0.03889397575038521,0.031124866075935523,0.12416764396377943,1.29079143940031,1802.1846697526375,1.0000888751319685
"f_eta[6,4]",-0.02872420422480588,0.01025181149142158,0.8110231096196012,-1.7243630510206263,-0.4646867736228776,-0.008017264558064119,0.4326177988225405,1.6569151474189934,6258.427635897892,1.0014799051334031
"f_eta[7,4]",0.12866074810941314,0.06449858263080355,0.8364650389027228,-1.4799303333774287,-0.3709755846389413,0.05868096368574393,0.6041256531247801,1.9912791946836896,168.18809268309934,1.0221076176885402
"f_eta[8,4]",0.06059351591709057,0.14183858926294074,0.8783503478319601,-1.8775811333488206,-0.4289177195957189,0.17124659343115312,0.6333709834494705,1.5941167941840688,38.34835588001146,1.0529402350394088
"f_eta[1,5]",0.06368158315912992,0.011850267476891416,0.921822785743578,-1.7960268748733157,-0.5619813522174959,0.07826344773091727,0.7043537274053066,1.838490186481346,6051.159097447334,0.9996567518840977
"f_eta[2,5]",1.0742719279774713,0.009536984523753098,0.3438330997436636,0.40041490265119656,0.8393511245009129,1.0724850270640582,1.3062375358086995,1.7579530328015207,1299.790053726428,1.0093395368554428
"f_eta[3,5]",0.07778995241419843,0.007960697076811555,0.30416967173294235,-0.5462421071127683,-0.11602573505314001,0.08583837057455468,0.2868931515981997,0.6479546572645043,1459.9218937615394,1.0036100320667685
"f_eta[4,5]",0.32160668542052145,0.007848339847291136,0.2986215823328523,-0.29330185403610115,0.12537059627134448,0.33013021335920617,0.5260265575894449,0.8856128299828016,1447.7273655962629,1.00479699474923
"f_eta[5,5]",-0.19881003581961804,0.04275204166742752,0.5892802003768408,-1.372046782129336,-0.4235892524229277,-0.2758355661097552,-0.10688482048103029,1.3587106950008572,189.98966584224212,1.0292646954610734
"f_eta[6,5]",-0.30071783642496885,0.2235910333758355,0.9305179670321506,-1.905910045419858,-0.9407750322387285,-0.45530200772548574,0.28141694748894935,1.7457668600262144,17.31971574793053,1.0887307732788274
"f_eta[7,5]",-0.35213727023414426,0.2862406852967678,1.0277860087542037,-1.9830678810750018,-1.110046273279047,-0.5570416508025609,0.3672596855666641,1.8207609693738944,12.892664362199753,1.1360450541075002
"f_eta[8,5]",-0.21869539800002627,0.11834141914042634,0.8636721371278447,-1.7160822704798369,-0.7746852374313828,-0.333926432282055,0.2781452929076719,1.6820494319489288,53.262834193393395,1.0384543100308348
"f_eta[1,6]",0.11592545728629831,0.011833043142452192,0.9730431899066915,-1.8446602523707827,-0.5250610316594647,0.12545260227422333,0.7613874542318015,2.0062238098405367,6761.940408389693,0.9997847364064021
"f_eta[2,6]",-0.408267004594239,0.007985440025767426,0.31641154219621737,-1.0440279210478178,-0.6295209686613112,-0.4058854129708087,-0.19401698437428155,0.1874439837332772,1570.026310666896,1.0030255776244987
"f_eta[3,6]",-0.8533427795169609,0.010886035383229275,0.378583823811833,-1.652584502096477,-1.0941481173733179,-0.8371549258851545,-0.5972162994366659,-0.15714605658839526,1209.4408234164755,1.0006879795688879
"f_eta[4,6]",0.22905005583572619,0.007848296789537145,0.31069827506091413,-0.401132985639579,0.02251573147206665,0.22701989233295217,0.43932571952040944,0.8351213863287045,1567.2087528921072,1.0040179730484409
"f_eta[5,6]",0.5379269249271954,0.25071375989466826,0.7745647344781637,-1.5298069830557757,0.3623353736663623,0.7598175079847707,0.9905681696250734,1.5389117384856135,9.54463005255277,1.2058927594033781
"f_eta[6,6]",0.3941308907817652,0.29363955330151276,0.9804781283252306,-1.723242400583501,-0.26046854255808094,0.5445932057728207,1.1033918720615725,1.9998511161368637,11.149277141814505,1.1546584700683638
"f_eta[7,6]",0.7237308779780597,0.5422044961663064,1.271551055963705,-1.7230287220369136,-0.25520804419209087,0.7709796760092165,1.8144100364380216,2.7958115632282734,5.4997300949684655,1.3831767424135217
"f_eta[8,6]",-0.21903019695502826,0.10748977427515559,0.8938391939152519,-1.7896226935940298,-0.8153566292674903,-0.29753921020025625,0.2901723515211043,1.7255805890078286,69.14877430493969,1.0349316521529048
"f_eta[1,7]",0.07265927992983572,0.011068080856839158,1.0013566182905271,-1.880746523473231,-0.6004692632051657,0.07931415577990893,0.7285528735672202,2.1042532687143574,8185.26790984822,0.9997736540472769
"f_eta[2,7]",0.6314370584083226,0.007547701088020344,0.32691626018957015,0.013273899753107804,0.41165987205666954,0.6218426865601925,0.8413399046877632,1.3043570892181413,1876.046761873621,1.007231370222746
"f_eta[3,7]",1.0722205477246172,0.008002396407225724,0.3703420080230871,0.36279640070026226,0.8213565189335539,1.0630871910154802,1.3116610884578326,1.8418177402644338,2141.735485637332,1.0069603590322838
"f_eta[4,7]",-0.6329342061283483,0.00714379238717247,0.32642733324971807,-1.2841862423870236,-0.8482026399235508,-0.6336690569004734,-0.41524654801567606,0.008834497471628126,2087.927358284561,1.0029087809328654
"f_eta[5,7]",-0.8478804282936745,0.34426305095225757,0.9216704754024904,-2.0642934107830992,-1.450619511078985,-1.1082856863780384,-0.4521266854956532,1.4560969559301982,7.16754659152419,1.2785858532655334
"f_eta[6,7]",-0.3011713222383813,0.20036365072206452,0.9348900926356866,-1.945875008816332,-0.9493515644196573,-0.4205054070532256,0.2890578541750845,1.755077938121309,21.771243870433924,1.0817118758751285
"f_eta[7,7]",-0.49210584526274714,0.38044166415271735,1.0909143569779072,-2.333333110330016,-1.3369168862874372,-0.5733645857992835,0.26183662625553566,1.770025509699904,8.222524367586107,1.210329611731126
"f_eta[8,7]",0.04953706424555037,0.012582537730568428,0.8741400088677915,-1.8264923454316953,-0.4731333824147528,0.07206218447404897,0.6152561115094263,1.7802472176056043,4826.424461773023,1.0030899028034603
"f_eta[1,8]",0.023157132587022927,0.011529387393431767,1.0189523490025887,-1.9427566147511868,-0.6691833086293464,0.022126652894075532,0.7222393557825526,1.9598751894767643,7810.795830586076,0.999220328348818
"f_eta[2,8]",-0.7608193627967599,0.0072438742282523545,0.3622043815581927,-1.4806292958553278,-1.0069117056854695,-0.7571995902384151,-0.5143094756634018,-0.05657913107132998,2500.1473010492555,1.0018482468805152
"f_eta[3,8]",-1.6352151302933589,0.00979426654377997,0.45274722607640727,-2.5784745094258374,-1.933161188085387,-1.616409580897459,-1.3255559768068723,-0.7708771928120592,2136.819107765725,1.0000502045749549
"f_eta[4,8]",0.984572337529041,0.009038108252316985,0.3735705725433283,0.28953696446547633,0.7268345300115053,0.9794815170250479,1.2356151367475303,1.7288456043677338,1708.4026586324246,1.0074599099743613
"f_eta[5,8]",0.9437936793738545,0.4153223386500642,1.0189986961101152,-1.530841932114153,0.43897329897721143,1.2070433073766311,1.6378111947337612,2.397720537279447,6.019725320948745,1.3297434849950536
"f_eta[6,8]",0.17408346240653624,0.1034590126664558,0.8884738726035692,-1.7596193987559023,-0.3810630538846591,0.25011999827622317,0.7599397929466662,1.771518175301733,73.7484102590444,1.0331893784760604
"f_eta[7,8]",0.16647116898527822,0.07988632964885034,0.9071633809013298,-1.6755933243919507,-0.39349254431501923,0.2010012877954755,0.7590710015788058,1.9149820117905225,128.95140714857843,1.0247438310546895
"f_eta[8,8]",0.04259646228987965,0.010164540499859905,0.8454743973031833,-1.7393357299308976,-0.4752572029067397,0.06309440141465586,0.5637319050621608,1.711742858708924,6918.714667515357,1.000722753830979
"f_eta[1,9]",-0.0024997522010176054,0.011392854995429531,0.9802209974248184,-1.9858444729094695,-0.6404765673798727,0.0057011368425841594,0.6580413871970017,1.935635417300048,7402.575797685718,0.9997233678838646
"f_eta[2,9]",0.532341874315629,0.008646371926435532,0.44186443153443894,-0.29707508063265664,0.2254729026334462,0.5273822300036993,0.8235199942009168,1.4184875736577502,2611.6216601816323,1.002471782406734
"f_eta[3,9]",-0.04391802788229119,0.01257629165357388,0.555836725983657,-1.0999769320893447,-0.40989027548640944,-0.04997843185082965,0.3222110580400572,1.0872857581566566,1953.391423085699,1.0002081373817044
"f_eta[4,9]",-1.9665247906028676,0.008391719817026494,0.5043844887669486,-2.9903339024710407,-2.2916550195927723,-1.966722104986534,-1.6269026846853138,-0.9896453242063128,3612.6134482549423,1.0008286487094162
"f_eta[5,9]",-0.46916537195465785,0.19664125099196225,0.8809359026957267,-1.924612531204364,-1.0752517608817556,-0.5810991348240744,0.006474268912135583,1.6532305840560033,20.06962987566983,1.08808038108218
"f_eta[6,9]",0.09763644072051493,0.02362378290758272,0.9177782166824481,-1.7301535618638404,-0.49381617026062463,0.13289245868074911,0.7127124377420554,1.8435735669511715,1509.303590351347,1.0091811121227166
"f_eta[7,9]",0.4572548219899885,0.328674696410169,1.0482319379341474,-1.645283668043791,-0.2731041823775917,0.512931303942213,1.2294943870362522,2.355837022349535,10.171435155019593,1.1755567652749546
"f_eta[8,9]",-0.3045468847073593,0.21608948138154302,0.967906438716322,-2.0805341266700954,-0.9714642953703575,-0.347484200704093,0.3119194136598499,1.660633955844684,20.063167706612447,1.0788633191584747
"f_eta[1,10]",0.0056653215109219845,0.011953476136999586,0.9763684666802013,-1.8803061078076322,-0.6539034435882698,-0.014889855541415128,0.6601534950362766,1.9397603867764313,6671.73905360044,1.000014452631025
"f_eta[2,10]",-0.7264104830861104,0.008825889983641984,0.5369767751995547,-1.7952213606154954,-1.084218741753727,-0.7316821472647991,-0.3662477073365879,0.3440396046308026,3701.6383478496637,1.0014369848307425
"f_eta[3,10]",0.5103328421961656,0.01141113081552158,0.5459690578103833,-0.5364352010140212,0.13513697853627776,0.5002104373689853,0.8689577083177138,1.6169257951387488,2289.1734080004867,1.001790519806044
"f_eta[4,10]",1.5640003624234782,0.010846632298650937,0.5979127101997718,0.37385114295076705,1.1674733619193618,1.565402153783292,1.94911111836356,2.76075102547927,3038.685374557776,0.9995445194482444
"f_eta[5,10]",-0.40389128298545096,0.1426793255459613,0.9936368275380687,-2.3048050718921687,-1.0769302447579192,-0.4391941715641249,0.2504106711302261,1.6064984173028043,48.49905356407253,1.0392524244779637
"f_eta[6,10]",-0.038028342852250145,0.01188478329996693,0.9188578401560126,-1.8350708609375523,-0.6631093527297205,-0.022659220773086915,0.5612507550199941,1.7560216112442215,5977.424725062824,1.0002533211460625
"f_eta[7,10]",-0.1614391515520195,0.07483156651416288,0.967530848989868,-2.0175195782323634,-0.8361400252332982,-0.17643474341274532,0.47584339891761435,1.810279786382368,167.17062592558565,1.0215636181210759
"f_eta[8,10]",-0.02893281877018053,0.011695478560274359,0.9378395722890871,-1.8420754768428538,-0.6393352294164393,-0.021025885674105575,0.5722434419844726,1.7929507696860434,6430.150139865487,0.9993257653541353
"f[1,1]",-1.1899834560570315,0.005204107101285031,0.23891639547584895,-1.6298110313644247,-1.335019236466433,-1.205490141036193,-1.0555993677906363,-0.6827561955684229,2107.6546753666703,1.002493454848217
"f[2,1]",-0.177565287257416,0.005210743321120825,0.2402592422540463,-0.6832419702886099,-0.3147496483635238,-0.1606900896702557,-0.030043644371382742,0.27085952112811085,2125.988176880982,1.0023538270532433
"f[3,1]",-0.2547918378626855,0.005184230978608296,0.2402912999237598,-0.7713619857084137,-0.38694940669951816,-0.23830468259670134,-0.10591733998697148,0.18297057157178018,2148.3617325842542,1.002589797339357
"f[4,1]",-0.19950299117520343,0.0052203300629967055,0.24082813909311843,-0.7130594504679082,-0.3353994137211407,-0.18128435134988538,-0.05125160032209641,0.2483035495417517,2128.229869274889,1.0018671096912284
"f[5,1]",-0.019907856629480407,0.016251489608806527,0.545728001782529,-1.0552116173786268,-0.2048284069657653,-0.07685510338887155,0.09817498670677616,1.3245352444234442,1127.6287179860135,1.0084399347106794
"f[6,1]",-0.047050161266748346,0.01588919567903181,0.5464078763153523,-1.3989776180307127,-0.1660030984095361,0.005390966170748442,0.13859171277942378,0.9928118997853226,1182.578761113633,1.0074198983550282
"f[7,1]",-0.06901495475782028,0.018536302404222698,0.5476330039419024,-1.4149031574940814,-0.2050385199664452,0.0006583186588162045,0.12465351017710728,0.9357086086387416,872.8367335710956,1.0119146236836278
"f[8,1]",-0.03864416489762724,0.01560964464237968,0.5450667412559215,-1.370159976183424,-0.16167890528580633,0.011308474774622324,0.14578058532901556,0.993344072389386,1219.3077483738987,1.006162323426564
"f[1,2]",-0.9043190343046195,0.004615212421925238,0.21111087990718425,-1.3260035292521484,-1.029969937722174,-0.9068277716889366,-0.781811807147514,-0.4817077744100518,2092.3669043996338,1.0033274717502956
"f[2,2]",-0.18919521383531285,0.00461861514470195,0.21286971973712018,-0.615315502325343,-0.3142268834928626,-0.18763696040492225,-0.06387617803353461,0.23116956702506433,2124.2431483710625,1.0029454520134962
"f[3,2]",-0.09239469323165159,0.004595023656021154,0.21287329623955212,-0.5282495574498032,-0.21673770861159536,-0.08768140126656582,0.0313954767016251,0.3198515970602055,2146.183575745662,1.00316338744677
"f[4,2]",-0.30562971629704044,0.004623463587269832,0.21301792800006908,-0.7383651759028422,-0.42696519516315723,-0.3015830925885482,-0.1807934291922293,0.11439583228504546,2122.7430557086586,1.0028513181900702
"f[5,2]",-0.017580421423819857,0.01555059517711378,0.5426619724892492,-1.0637050200715612,-0.19524465668686816,-0.0630045363252423,0.09912308374067177,1.3400610642293036,1217.7685303047604,1.0050783553035552
"f[6,2]",-0.06644772889706349,0.015438208996794234,0.54343417630813,-1.4114067513369086,-0.18039039216674696,-0.02806963434399863,0.11037245319209835,0.9941316163770875,1239.0820428835068,1.0040350467936878
"f[7,2]",-0.0765804343541846,0.01570615242776936,0.5431289363789563,-1.408432939257138,-0.19933701464298215,-0.022150963335944504,0.1040248352427557,0.9672939360048771,1195.8212506226132,1.0067318568789116
"f[8,2]",-0.06031011043481104,0.015535775747826558,0.5427291089718385,-1.4113461384234913,-0.1806597397135345,-0.017980250456462073,0.11660180772147741,0.9995926227845687,1220.3947850928066,1.0043687664660508
"f[1,3]",-0.6033765499811621,0.0045346952051363715,0.19844789410798458,-1.0202992739156262,-0.7190450935621762,-0.6009447064924305,-0.4821487297566016,-0.21605381317165168,1915.1235015966245,1.0030335621518307
"f[2,3]",-0.03452132334328091,0.0045511146171449,0.2005450221157961,-0.41587803941411206,-0.1545308599268077,-0.03902461542915477,0.08405295754124543,0.37794718268737004,1941.7272557623407,1.002752140876667
"f[3,3]",0.10523733092437142,0.004531462059469072,0.20076100454644402,-0.29092161348595674,-0.014991844228612942,0.1052925877150876,0.22346024199700498,0.5169313025246982,1962.8270025334195,1.0027344603236594
"f[4,3]",-0.2013284932475459,0.004540139175011957,0.20013682550293113,-0.5929796371266224,-0.32334132733055576,-0.20288124230318832,-0.08377998514197879,0.2120113383021031,1943.191855824089,1.0028039320035647
"f[5,3]",0.005714676281139818,0.015654263019368436,0.541912808754673,-1.054218065841149,-0.17031684849416268,-0.04091515840924244,0.12253336889808913,1.3653763742766136,1198.3773153763543,1.0048436574844772
"f[6,3]",-0.06704798086690877,0.015577966876755433,0.5429299654408448,-1.4255938897769993,-0.18467845076051498,-0.024059268335761275,0.10527063466506945,1.0031237179272743,1214.6917217551393,1.004175024772692
"f[7,3]",-0.06981137762329204,0.01571531449394153,0.5419171465787668,-1.4519775628521843,-0.19094716733993766,-0.019547460364149304,0.10962221582982892,0.9685633268400651,1189.1034306806223,1.0059125682855166
"f[8,3]",-0.07207834686073597,0.015657598824286537,0.5420374776639851,-1.4399401893001764,-0.19113495539554765,-0.02666428649866409,0.10514637337745553,0.9953934852932782,1198.4179584593066,1.004436159161341
"f[1,4]",-0.3028842919641523,0.005048822761375754,0.19772519973849634,-0.7156466805746651,-0.42228151563602134,-0.296832322537796,-0.1782140564112326,0.07904444920221076,1533.7119298023952,1.0019630727177418
"f[2,4]",0.11250387283733847,0.005013912669666667,0.19992234073539547,-0.2676898339957743,-0.014924369051191537,0.10175323904747594,0.23171922609848472,0.5319242784800347,1589.8974957662451,1.0016580673085826
"f[3,4]",0.2842139323293673,0.005060628567621385,0.20042347977141658,-0.10397467427399942,0.15705262907361103,0.2777283305138642,0.404124610602696,0.6978458939748579,1568.5135350392575,1.0015621030775794
"f[4,4]",-0.05192196934999302,0.005090913995549025,0.19926872911228252,-0.42090269858500273,-0.17827514072163586,-0.060227898753183906,0.06545282653022144,0.363939939357663,1532.0988319222436,1.0021731937664824
"f[5,4]",0.04764406102637086,0.01601195414581321,0.5430679892365923,-0.9938865742894734,-0.13381612507460228,-0.011923381503183277,0.1667071950670993,1.4505624188776434,1150.3228144433851,1.007056578856257
"f[6,4]",-0.05449579700691525,0.015959698259317326,0.543967810962504,-1.4412803082836425,-0.17338836187756962,0.001533282763749524,0.12945132415726146,0.9770878637830835,1161.7081877732041,1.0066622899047777
"f[7,4]",-0.05520390319098956,0.015927457023981087,0.5421534708307755,-1.4372689728728707,-0.1779435750353534,0.0010628237165988125,0.1291672784954495,0.9907087781226889,1158.6482260235498,1.0068600607682268
"f[8,4]",-0.06836014809950217,0.016165751003485027,0.5435045092588973,-1.4729870778755192,-0.19115873109292209,-0.007666847624299533,0.114891669004725,0.9769835635587594,1130.3541492711722,1.007648571704702
"f[1,5]",-0.01788836490836002,0.005648773596677738,0.20395084893411486,-0.447506062690345,-0.13856829058186088,-0.00837834159057673,0.11667328221980514,0.35937426886756296,1303.595035048616,1.0011038875401845
"f[2,5]",0.239989723300055,0.005607812798542598,0.20589957642466464,-0.13821160024636944,0.11000035434368065,0.22791131799775668,0.36277478696748655,0.6733193008997183,1348.105533861393,1.000734891883434
"f[3,5]",0.3576814744997081,0.005723820914299898,0.2067430887721435,-0.029702606503367715,0.2229831021069017,0.3480637069402537,0.4759020784556224,0.794602224550435,1304.6377069372859,1.000881724209512
"f[4,5]",0.03043624734656287,0.005729077418947068,0.20570810941866666,-0.34703622670786144,-0.1051851040843236,0.018032342138818505,0.15346527102028207,0.4624953783816126,1289.2390261715768,1.0016701173157876
"f[5,5]",0.06523099426404926,0.016071316896950193,0.5427933130834525,-0.9664501618814668,-0.11617813142611746,0.005997449186327724,0.1839446760415987,1.4653697925181879,1140.685834045298,1.0066400469161818
"f[6,5]",-0.05603225462499301,0.015999153411158592,0.5434070868294117,-1.4247757687582832,-0.17411822604910965,-0.0011301239288270537,0.1292216251059998,0.9759213558076579,1153.6035675104326,1.0062067531875853
"f[7,5]",-0.05844486173450376,0.015748202267272308,0.5406109938177414,-1.4378650548184444,-0.17615396361387703,-0.014863268922669065,0.1219275395313982,1.001717845691458,1178.4408214038292,1.0043329208829348
"f[8,5]",-0.06855697863223453,0.016986896434610384,0.5450917304237577,-1.4718590239743536,-0.19559461671316086,0.0034523250218962583,0.12181704642063193,0.9530005698270907,1029.7009390835524,1.0106068800501098
"f[1,6]",0.2392309042079794,0.005989721599203525,0.20892626998979932,-0.19688798706656827,0.12276612098679426,0.2505942460583103,0.37351377547988135,0.6163770166505108,1216.6700785710948,1.0011288779768805
"f[2,6]",0.2911582446706655,0.005930034206462196,0.210648572268878,-0.0849101760892843,0.15598864633267984,0.28124396098680565,0.41069096858919196,0.749142145508553,1261.8352131024596,1.0007312577992626
"f[3,6]",0.20135810249942182,0.006071974170361625,0.21161803872378748,-0.18742100728147726,0.06454747583439,0.18949299677123557,0.3264386663208175,0.6510177812191109,1214.634294945625,1.0012012090420583
"f[4,6]",0.09191299829442036,0.006091521797275629,0.2109033833496732,-0.29334169573847807,-0.0436274731699655,0.08021023780804057,0.21399726102093167,0.5462050312137945,1198.713754128564,1.0015594326671997
"f[5,6]",0.06901430879521307,0.015976706747820563,0.5419249426910622,-0.9664603387853681,-0.10835489522634138,0.019008365408680665,0.18919483048358793,1.4512021464803282,1150.5453806684752,1.0049467775511562
"f[6,6]",-0.06218139579702208,0.015912964307504388,0.5423492111236172,-1.4282291575392332,-0.1765137275617645,-0.012913775470456659,0.1163271471878618,0.9677933190507875,1161.5979803263044,1.004751636870891
"f[7,6]",-0.055560717036221965,0.015740561541927323,0.5401829556120658,-1.4192371972037634,-0.17217676034802604,-0.01828279670658694,0.12452329516988747,1.0108675765780224,1177.7179929944118,1.0033873177172463
"f[8,6]",-0.08910698370728128,0.016405407205763334,0.5434631769626906,-1.459945147081386,-0.21243342838417734,-0.025600666188427032,0.09465943192060322,0.9387006152436865,1097.4031871131624,1.0077748737721608
"f[1,7]",0.46020229409470986,0.0058954770062852446,0.2080774356480553,0.012238666520021601,0.3425897924078719,0.47117422257624586,0.5931391915062538,0.8421079928199626,1245.696012348303,1.0022383614325205
"f[2,7]",0.2493171990585419,0.005837485067608414,0.20955953475296948,-0.13046620963391206,0.11601910679733923,0.23663649921542945,0.36817690737811537,0.7049961255233737,1288.7339984069185,1.001884211205117
"f[3,7]",0.048329468904984255,0.005954702411787527,0.21041775287318498,-0.3487749410125235,-0.0881638609408302,0.03468802931380175,0.17044550933709113,0.5038504651253736,1248.6612429270474,1.0025005632286017
"f[4,7]",0.0688762620530859,0.005999410932924265,0.21036122640502425,-0.3155868389346814,-0.06577086187908825,0.05531016101608365,0.19191274001759137,0.525001475592946,1229.4593321157085,1.00229356691905
"f[5,7]",0.08225657449053045,0.016011081539831135,0.5420643905888974,-0.9534950535956435,-0.09382631864293284,0.03581292610897058,0.19561164320171923,1.4606541255835683,1146.200037604177,1.0046095463341833
"f[6,7]",-0.059013261850681634,0.015987406532050424,0.5423812079033228,-1.447529408950066,-0.17059232768602814,-0.009442009433032725,0.12070762015640552,0.9768355980025178,1150.9414498787341,1.0049185488813646
"f[7,7]",-0.035147286920294375,0.0160017747314212,0.541472953773233,-1.405199016611865,-0.1509829554282913,0.013598683726039928,0.14582298828735196,0.9944992411552788,1145.0309693100576,1.004941466505314
"f[8,7]",-0.11510697175852708,0.015972190224851652,0.5417110485157269,-1.4865639798702914,-0.23647830368536948,-0.0666068808133468,0.06133484833620479,0.9103573613366852,1150.2876020964693,1.0044028314832243
"f[1,8]",0.6414255219889201,0.005519428195430293,0.2042947394961253,0.2060959639313102,0.5262019342335676,0.6508867527918194,0.764000582367673,1.0214244968017399,1370.0177444214573,1.0042781307896749
"f[2,8]",0.13536963990564532,0.0055312274780270725,0.2056626082946964,-0.25488826766639794,0.012560368471706738,0.12386874190093894,0.2513518893345288,0.5786379214453394,1382.507956539327,1.0040216702586595
"f[3,8]",-0.04500262937237105,0.005538550002430147,0.20636347256313295,-0.4402745217428311,-0.1722239891233192,-0.053753062254735126,0.07542067234063635,0.39147745354166774,1388.2685743012482,1.0046116489597308
"f[4,8]",0.042008429322380546,0.005597663876349565,0.20657079167558537,-0.3549202701289317,-0.0809824000820231,0.03243401655477299,0.1613472879629848,0.4837366347739692,1361.8340677413582,1.0039882456450835
"f[5,8]",0.09954332846392723,0.016081441865954744,0.5426212633534974,-0.9257757012982176,-0.07705020075105366,0.050007618750041935,0.21211362325083588,1.4775755918859566,1138.5278175188137,1.00482009903804
"f[6,8]",-0.0540816849699109,0.016060843092126274,0.542817684360281,-1.4331683255285939,-0.16670942171559008,-0.0026269210422961257,0.12482555930620182,0.975027934049542,1142.2766456994107,1.0052754916808306
"f[7,8]",-0.024887288345648222,0.016070482141543725,0.5421708883240284,-1.3994999207328818,-0.13920354379225675,0.025010696527735556,0.15597064487378626,1.0025178679497078,1138.1895033113376,1.0049964804877585
"f[8,8]",-0.12344672257937382,0.016027296057595692,0.542329838932484,-1.492070343161687,-0.2408572458446612,-0.07534708920506993,0.05417738784960824,0.896861739370575,1145.0026220444781,1.0045015071458196
"f[1,9]",0.7835542304742347,0.005236462176473637,0.20687303177422134,0.35139733667269246,0.6611126965657654,0.7865654986407589,0.9067625826967385,1.19654552838559,1560.7445120462846,1.006187164738066
"f[2,9]",0.0222392279854943,0.005212544513749548,0.20835463109177235,-0.3937298291658318,-0.10131489807799604,0.01603735379929213,0.1445067982479046,0.4521806858974978,1597.742407260882,1.0060649020907515
"f[3,9]",-0.21533298103931517,0.005189771604017187,0.20838300044483404,-0.6259018861639902,-0.3402796308824708,-0.2166919236203853,-0.09075257411592116,0.2080348496477859,1612.2340277396308,1.0062725970752175
"f[4,9]",-0.04929913782902996,0.005251450751488452,0.20889218327569894,-0.4703470437501739,-0.17452966154506447,-0.051863124447112545,0.07422838488257481,0.38429106997757556,1582.2889095537148,1.0057199578049416
"f[5,9]",0.11873590707854213,0.016169849802152032,0.5438366782099954,-0.9045886402012199,-0.06312080210801203,0.06546563774954473,0.23116011488361388,1.5130000241027377,1131.1625476227437,1.0054277933542943
"f[6,9]",-0.04769393976540714,0.016140984780569356,0.5438430983313899,-1.4443573058937462,-0.16340242763026375,0.008896369380276194,0.13540700680001994,0.9582254443424603,1135.238697949225,1.005835958219409
"f[7,9]",-0.01691874720771124,0.01606742724343126,0.5430852382084866,-1.425589123648416,-0.12898834511221646,0.029037393107681282,0.16395748863150642,1.0093957447974065,1142.4660742000901,1.0046276743024518
"f[8,9]",-0.12303277024838644,0.01626297226731525,0.5444387774070065,-1.5208892184083513,-0.24161577264539982,-0.06522224963925893,0.06171692514216558,0.8918089331910425,1120.7229289782242,1.0062182342537953
"f[1,10]",0.8902878336094788,0.005080080679443852,0.22907272529889927,0.4396112147445936,0.7513180360808089,0.880262019861719,1.0223966445845607,1.3633803456357867,2033.3191279890461,1.0061640997237076
"f[2,10]",-0.05230570127866353,0.00510749198247215,0.23074851866398738,-0.5316054111122103,-0.18837568863106696,-0.04497225083278706,0.08880316961472691,0.4039083546607541,2041.0914157722564,1.006222220531354
"f[3,10]",-0.26056922268101673,0.0050707491953578595,0.2300239983755295,-0.7305155548935498,-0.3976425799364357,-0.2536948518466805,-0.11697715151457895,0.1830923409015034,2057.7946591874966,1.0060802738701529
"f[4,10]",-0.15112835365711016,0.005070031228750185,0.2300060077833929,-0.6272843999769744,-0.2848984038939209,-0.14332170268787064,-0.012497128778183998,0.2929565829982218,2058.0555423889136,1.0054932135090537
"f[5,10]",0.14003881587445294,0.01633999607591596,0.5461049068562885,-0.8624118568712255,-0.047441036013531425,0.0820591901073836,0.2485878970613411,1.5601230545075333,1116.9873680836527,1.006619299840894
"f[6,10]",-0.03820251087680609,0.016339980654705853,0.5460899511267091,-1.4628021821295547,-0.15510355750236854,0.019477649331703692,0.15147904282596905,0.9494534642475334,1116.9282971252273,1.0070764839926676
"f[7,10]",0.004485897507800377,0.01649037481822804,0.5464251853362746,-1.4164694186296483,-0.11258546809328246,0.05950708538476477,0.19866960066956865,1.009092105908695,1097.9949997983585,1.0069313328622447
"f[8,10]",-0.13200077181885397,0.01626834233904674,0.546238030452193,-1.5330883477596307,-0.25318331881144296,-0.07511562637491422,0.05887539561454609,0.8819284408162823,1127.3980035983568,1.005994499600911
"df[1,1]",2.457302207392561,0.023773221106383784,0.9242630309956127,0.5237485629474594,1.9055203395256348,2.5018267033086916,3.0507880339929265,4.170242882628216,1511.5242023127348,1.0005719796541328
"df[2,1]",-1.3968073032069184,0.021188647366033334,0.8464618292993508,-3.010025788758128,-1.932608905996418,-1.418112969559678,-0.8765676251751413,0.38224626898693526,1595.9096131853812,1.0000662069595505
"df[3,1]",0.7140872489698079,0.021003433024410288,0.8559230813653845,-0.9081600200020767,0.15976629138774237,0.6905276593491181,1.230749850158845,2.4651389916864472,1660.6912732588607,1.0001081271151397
"df[4,1]",-1.3822072914874401,0.02195785110709158,0.8734028783901198,-2.9965191632914094,-1.9504090871109467,-1.4173749713793244,-0.8745994362910146,0.44119256169455734,1582.156959626856,1.0013905319399767
"df[5,1]",0.24909632206000704,0.00985689660424486,0.38864229203183387,-0.47359004613100353,0.01967774003206022,0.22937999043886476,0.4578569938457102,1.0810758818608979,1554.6037663562847,1.0007056872099849
"df[6,1]",-0.16349830608860694,0.09966049619585883,0.39031364018085024,-1.0197185742513213,-0.37855263555604907,-0.11627980649145903,0.0634553506498839,0.5478163591209915,15.338446192485657,1.1176112308916468
"df[7,1]",-0.031179031962045058,0.10250489220997501,0.39074253355100813,-0.886816830423937,-0.2374077820421034,0.004847557713680093,0.18817980651521543,0.7215845251412036,14.530889147422895,1.117113053791472
"df[8,1]",-0.1793047245159595,0.033249873330092126,0.3614183071414329,-0.9831938207374392,-0.35453963112808784,-0.150424838356519,0.015018398710121738,0.5178262705505812,118.15178969299185,1.0296657867759276
"df[1,2]",2.662888610811276,0.020308989231637046,0.7512963073869434,1.0686453462224474,2.2116328498266067,2.70199663524163,3.1404485801115714,4.0380570513020295,1368.5034290087317,1.0002708172188495
"df[2,2]",1.0228609867505531,0.02118398606392833,0.7976106702817584,-0.40486075941983674,0.49212467517574937,0.9754390956142343,1.4907467574015212,2.7088169726961864,1417.6419182660534,1.0003660124325264
"df[3,2]",1.8694590346096336,0.02092563626158531,0.7922106912205432,0.42812580391666566,1.3426800112945805,1.8185571834013774,2.344172138391559,3.5351873411831853,1433.256943054684,1.0004380614722492
"df[4,2]",-0.07842564034187088,0.020710548917091683,0.7885067511535426,-1.5025814249883886,-0.6016303377849958,-0.12437854336568077,0.3953297578160108,1.5759448453169507,1449.5313507649485,1.000051016454705
"df[5,2]",0.019128741633948735,0.09420947053972811,0.36867328675706595,-0.6985109291520502,-0.19670824559183442,0.0022561434309595688,0.22594158067586398,0.7942394549074687,15.31419650159683,1.117149619659548
"df[6,2]",-0.12482557244921907,0.0750026282604132,0.3591968393281146,-0.9185732032154102,-0.3070517748543978,-0.09577501190881782,0.07456728521441824,0.5676688243392425,22.93570259111072,1.083380255581833
"df[7,2]",-0.0416978444059164,0.10188136607456817,0.3814173632701712,-0.8828750936416709,-0.24536873147804913,-0.008201217260897266,0.17533083628639534,0.6926868440193357,14.01559049885916,1.1301581812542634
"df[8,2]",-0.17803371124036785,0.038447999260055536,0.343069797654925,-0.9124746341210719,-0.3517428729955624,-0.15459219825638415,0.00443286201077708,0.4923749579852474,79.61914005048384,1.0357690649810645
"df[1,3]",2.730175355681111,0.019516618438112053,0.6853671015806534,1.29953518989134,2.3216363892083383,2.7467165169336054,3.162315034606795,4.0118629775254195,1233.2109291503905,1.0005058636786341
"df[2,3]",1.439506075583558,0.018855340659574525,0.68241863595704,0.1474675151113969,1.0198691014475,1.4247145693757588,1.8449574358258607,2.8611219897837055,1309.8844611546222,1.0000875401457447
"df[3,3]",1.6543159214183578,0.019385823517448577,0.6860930986044108,0.3479763068303834,1.2280339538707938,1.6394760287199954,2.0595487569475,3.0999650094063815,1252.5572702911352,1.0010343862786146
"df[4,3]",1.5847677620495975,0.01958287939901682,0.6849149415031208,0.29939373529784885,1.1535911336524625,1.569850592980266,1.9975715975931045,2.996214264477289,1223.2639647421424,1.000405386784022
"df[5,3]",0.3749096670103059,0.05544491560025866,0.3279928061717494,-0.2295720852194899,0.17852476141213725,0.36786053095160354,0.5513353264295897,1.0804354601265933,34.99493438375208,1.0609731344508744
"df[6,3]",0.10232193434854797,0.07313555653755607,0.3375190338783391,-0.6082502954345812,-0.08409038191510965,0.09633250907455485,0.3108288270527175,0.7432224400117726,21.29802817995054,1.090453245494324
"df[7,3]",0.15035072969682803,0.020588363628283476,0.31677523872853713,-0.525568189331335,-0.0087247000599362,0.1515987872513469,0.32235982043601674,0.773060463813773,236.7329955645552,1.0243226110864718
"df[8,3]",-0.022833469016681717,0.05083979659699989,0.3268600847681314,-0.7232593771034095,-0.19505872198802757,-0.024440577110855982,0.1719285178455135,0.5839967928750145,41.33483128624218,1.05170763829336
"df[1,4]",2.6558123774976594,0.017536825623348004,0.6306071471796365,1.39329467579825,2.273649443277648,2.6494637887208237,3.0260396163920147,3.9548434169322535,1293.0514632399002,1.001391508026965
"df[2,4]",1.2622665727897167,0.017519517901669317,0.6399389734190816,-0.02572190124638921,0.8827492975233593,1.2686607994753278,1.659707582750419,2.539728587898633,1334.2365029710747,1.0013447238400097
"df[3,4]",1.4615507278831152,0.01798311281721275,0.6440593889302603,0.15254062784655012,1.0868288735637237,1.4615987605847667,1.8593971797440778,2.752411185798904,1282.6911361222035,1.0033510018612841
"df[4,4]",0.9187028492204123,0.017759689475265905,0.6440597577841651,-0.4015608332834515,0.5360603095631734,0.920712249444334,1.3141888767623877,2.2217898574393846,1315.1690887664581,1.00062786299387
"df[5,4]",0.2974716884063323,0.0240984868697917,0.3070219554551901,-0.2996723628007125,0.12925766426913965,0.28338910364096204,0.4507646897045161,0.9497209470974067,162.31524746082235,1.0276633351464564
"df[6,4]",0.06854019831155536,0.03207660421707325,0.31119579210952963,-0.5736210610561421,-0.08682410567865217,0.07276922028032194,0.24054033548609854,0.6695552518355108,94.12189464928126,1.0370021579093232
"df[7,4]",0.05581782453102585,0.008302496608748747,0.3031688767732907,-0.5616868600460003,-0.0939798039436219,0.058166995157488244,0.20459345347333247,0.6667036746370381,1333.3734880996788,1.011088145033377
"df[8,4]",0.055365448971769635,0.11366849760922865,0.36315782467746927,-0.6647259345359746,-0.16135183697863298,0.03755894017499593,0.3128137172399971,0.716938864466333,10.207292788040936,1.173544803777191
"df[1,5]",2.45533193841357,0.014431393699435429,0.5567960688394088,1.3836627561395691,2.1087603293096735,2.439953899470997,2.773548220824763,3.6258514760385694,1488.592310415334,1.0031827977278254
"df[2,5]",0.9022213906549557,0.013633654457283848,0.5620562524719852,-0.2843406560449659,0.5765837450668336,0.9253503362932868,1.2495816565492865,1.9875961408546365,1699.5541308067598,1.0028765580129557
"df[3,5]",-0.4579807410708078,0.014568458044900699,0.5634499317832526,-1.6526759284633028,-0.7739762123031366,-0.4444538152280405,-0.10606830317981901,0.6536706855038844,1495.8342950985918,1.0048469230343173
"df[4,5]",0.7285221170976982,0.01427604990806715,0.5644220876979338,-0.4764325370003154,0.4054916065951719,0.7469394943129302,1.0734614314024697,1.8163020277078443,1563.1184400877692,1.002421646353502
"df[5,5]",0.0459294324314339,0.0463307118444105,0.306577737194808,-0.615296759697514,-0.10823318428844148,0.056943282246607066,0.2115958126144261,0.6489011784166838,43.786807610037926,1.0506251970914313
"df[6,5]",-0.07271271172726317,0.056686974132920225,0.3119296005492795,-0.6827511401453243,-0.24144371488806093,-0.07484879943674508,0.0857816404642789,0.5825003067165562,30.279355500923312,1.0617292276397527
"df[7,5]",-0.061789597785008,0.11238581779567994,0.3528736555611663,-0.7220194194766593,-0.301441413707543,-0.04975846499628817,0.14956655282163828,0.6487839291097319,9.858604691770532,1.1776924232386519
"df[8,5]",-0.08937369755194735,0.005757080569047311,0.2945213742424344,-0.6916228912992888,-0.22906636866077074,-0.08402338243205505,0.053463780050308135,0.5281829259832999,2617.1524535833787,0.9999831359095765
"df[1,6]",2.160324267186812,0.010921090136649266,0.5113332922825292,1.1615344434797974,1.8566817242153202,2.1470339558855938,2.4520464163818314,3.2533454636785444,2192.1797261404545,1.0051069566491861
"df[2,6]",0.012729250430203615,0.011005647186292905,0.5193579584217627,-1.091331124706478,-0.2855192149108682,0.022692208919664926,0.3315097739534015,1.0170470857118872,2226.9086864273186,1.0051914991371393
"df[3,6]",-1.8554678544760361,0.010973833432447129,0.5201655281343122,-2.934899329554602,-2.1606981567349197,-1.8519333202732553,-1.5424882914369418,-0.8346557175885309,2246.8103073840757,1.0055232498846476
"df[4,6]",0.16795961246812827,0.010970257805893465,0.5206021801455779,-0.9481862645219509,-0.12589952885330238,0.17769885574913902,0.48827096107156565,1.1938548833717246,2252.051394259938,1.0065503602347101
"df[5,6]",0.06541392036475911,0.021770460177430073,0.2962348216402247,-0.5672551041308369,-0.08101797776339766,0.07793115705999218,0.2192400013911385,0.6253735552556781,185.15566172124224,1.0242171541916385
"df[6,6]",-0.011811826701510781,0.006464227326608831,0.294313034411125,-0.5847168987756304,-0.15979585511132458,-0.010395162827377593,0.12668343121266062,0.5868264763513609,2072.9353187534425,1.0079089717003016
"df[7,6]",0.1374477995784011,0.01945603059787158,0.3014005483305309,-0.49998499513637196,-0.0038632674199186477,0.14014032086289696,0.296877834947355,0.7127822742333971,239.9825120030102,1.022129771234085
"df[8,6]",-0.2540347279239814,0.12469812552169411,0.36226326908662687,-0.8998092879663186,-0.5039804949407451,-0.23780730218290919,-0.03308886308503535,0.5007532589827643,8.43973389428226,1.2058499992140108
"df[1,7]",1.811812860415296,0.012439339349138658,0.5441051140867408,0.7339502981498692,1.4975729991719418,1.8120584405926219,2.1293356701121082,2.88992283369124,1913.246750735121,1.004554756837824
"df[2,7]",-0.7491079921165529,0.012500241618907755,0.5547693523559173,-1.8526370790387177,-1.07718961165898,-0.7560114981903425,-0.4188090270234064,0.3421824685356417,1969.6456742880284,1.004661892066939
"df[3,7]",-0.812110789427599,0.013151036812690867,0.5570643528842767,-1.9224281633544535,-1.1489491781816352,-0.8134298434958889,-0.4668092241649925,0.3143627371364967,1794.2822046096492,1.0057031461242194
"df[4,7]",-0.3451338974335166,0.012360214030981538,0.5539783055887061,-1.458045881953269,-0.6668988311088946,-0.35142590921638267,-0.007917931255107499,0.7568927285425111,2008.7853525651658,1.0047278221504978
"df[5,7]",0.1560789772065489,0.00528636370660517,0.2929194730126364,-0.4401723087434054,0.01607144546997906,0.15387391505673675,0.29365955673566346,0.7611105195361731,3070.3112853161406,1.0010021790685868
"df[6,7]",0.04938858143756541,0.006455429388101896,0.2987644723039769,-0.5520698093039998,-0.09815428617510429,0.047337898420016095,0.19258035516113997,0.656049904369191,2141.9416403263504,1.0066503146014483
"df[7,7]",0.16850166254507803,0.04940158853930535,0.31775148952386156,-0.4887082946153133,0.009536701721699188,0.16937561526255407,0.34691973044710744,0.7852100032995823,41.37074691740051,1.0587589453796253
"df[8,7]",-0.17021327446282872,0.05654818139530262,0.31567670085856775,-0.738778908626039,-0.35872625520695206,-0.16956616568026342,-0.004264064517558247,0.5061499387529671,31.163610905581958,1.0594352629993413
"df[1,8]",1.4513634966223798,0.01609627473646575,0.6342843564629964,0.20783937673216896,1.0587750826641202,1.4547269039352333,1.8329054506015552,2.7122034814032854,1552.8061718975653,1.0024310382425234
"df[2,8]",-1.1737027121807113,0.015969237761775237,0.6353816335027315,-2.4336999067251366,-1.5525799351892746,-1.1722550481533096,-0.7861836696784734,0.07557402563528508,1583.0729917907272,1.0023843606305443
"df[3,8]",-1.2214280530930242,0.015870819252578577,0.6317507126726282,-2.490919427679972,-1.6066139066420049,-1.2213267842280353,-0.8296883708913155,0.039799288162672454,1584.501992884909,1.001829977457157
"df[4,8]",-0.30880049073665555,0.015885295919106694,0.6308052178936301,-1.5852380652949898,-0.6932584172899467,-0.30175011103411986,0.07189015378397084,0.9665255170104898,1576.8846846818685,1.003225962766654
"df[5,8]",0.1514577318249548,0.00532931983668594,0.3018266824178658,-0.47560183577138837,0.003845428769632841,0.15278341798302814,0.2971689648636989,0.7545413040414318,3207.537113884011,1.002761255585558
"df[6,8]",0.04147200189448974,0.005498659503243723,0.30542948037717615,-0.5802297055459741,-0.1102200517679601,0.0353324818878019,0.1894097139430348,0.6741126013805869,3085.377099411257,1.0025163772131902
"df[7,8]",0.03640494206503571,0.01704768663271022,0.3108567124801985,-0.5796911073539027,-0.13085640690789854,0.03442008526791927,0.19530962068056895,0.6718132931350351,332.4984247709794,1.0185299288363856
"df[8,8]",0.001391515698499937,0.05119243629073515,0.3259786598730991,-0.6591560482447627,-0.164630373186545,-0.006404845723582444,0.1795618821560772,0.6553444249476215,40.54774840174686,1.0579475701784293
"df[1,9]",1.1127441995743392,0.018450955506315113,0.7577950505790558,-0.3305104981727952,0.6292376801885977,1.0877245816310572,1.584515482976919,2.6915363974705846,1686.8085966931367,1.0009099495161868
"df[2,9]",-0.7884671787732177,0.018612115570830895,0.7911817554796806,-2.377672134478693,-1.2760561938240738,-0.7772851636867518,-0.28931453759357856,0.74031007304654,1807.0120418926388,1.0006676174005147
"df[3,9]",-1.412022718565041,0.01945247459181792,0.8034847073308483,-3.0305314775372825,-1.908126149003094,-1.3753512578131604,-0.8895970685760591,0.09335265129477946,1706.1040625508767,1.0007916174437246
"df[4,9]",-1.2870868676892728,0.019538946215871388,0.8030557602721952,-2.893912631057857,-1.7807497622724708,-1.2571798121080495,-0.7775778404621926,0.23347284776654323,1689.2313328324676,1.0008739097516692
"df[5,9]",0.2060845228806111,0.024442456053654287,0.3297209340978857,-0.4837684309999776,0.03316766151027416,0.21486271655714295,0.3849970181543314,0.8549184650139787,181.97149246359166,1.0277873037993421
"df[6,9]",0.07886493820078208,0.018368645776913814,0.3343143238094107,-0.6124206227511871,-0.09676805153616548,0.06392425105784869,0.2511891028585936,0.7849862404278838,331.24985013919786,1.0193150687314714
"df[7,9]",0.14140883667947537,0.023300614965656746,0.3356664544364507,-0.5289401072737564,-0.03118554791534807,0.1238829165089846,0.3153004115483892,0.8557375653047119,207.53010974998335,1.024498554418048
"df[8,9]",-0.028565955864770405,0.01907425001555156,0.3367666362559292,-0.6970215005443162,-0.20751847214860436,-0.041611045970070794,0.14441555999581315,0.67222789703877,311.71892970662356,1.0198018352397706
"df[1,10]",0.8164858903291228,0.021286843953702003,0.9437162392341383,-0.99915514720178,0.21602106950626282,0.7816421128165836,1.4212960259461638,2.690205617147862,1965.442322710798,1.0005161122430204
"df[2,10]",-0.6639963266859973,0.02044625892326152,0.9022881976645816,-2.517430816715143,-1.2247725090402481,-0.6217727525368248,-0.06974894859981219,1.0247555445555059,1947.4344161126876,1.0006436790750604
"df[3,10]",0.757482148495752,0.01901365525020092,0.8649957480230236,-0.971766386928054,0.20975556022239725,0.7738976915964124,1.3143548527901263,2.445560737419206,2069.649081135291,1.0007724686051154
"df[4,10]",-0.037080413640516216,0.017328712912435162,0.8480784981484744,-1.6878203716441842,-0.5797224609413933,-0.019442166445263528,0.4954920441057058,1.6207306862493798,2395.1873610961193,0.9999388245795292
"df[5,10]",0.10137731016966481,0.006476735187702297,0.37425075323996004,-0.6718673582866284,-0.11232843604640519,0.11402708263118086,0.3144546727030608,0.8691505095004338,3338.9743675952195,1.0000554159614004
"df[6,10]",0.07521772844064276,0.015359707166142244,0.34795031867576776,-0.6442105890811183,-0.10578038446596946,0.0596207156456953,0.24666445117022914,0.8186098186904618,513.1786800135577,1.0146843054536985
"df[7,10]",0.19810657126926529,0.07896766386465061,0.3759499768750015,-0.5214226613927784,-0.012553708216785775,0.1627479302774581,0.39458915698390806,1.0273842840796716,22.665303786121346,1.0813678829985731
"df[8,10]",-0.11711961398984323,0.008196755941626574,0.34769008501810517,-0.8485463040124648,-0.29567391093190964,-0.10395362182073745,0.06326774998209635,0.581756508664009,1799.2876708774497,1.0105602989699969
lp__,8693.451490748652,19.389649795953577,36.76963543597314,8648.142381250867,8664.189506727458,8675.242657400162,8734.08263916874,8756.109219424237,3.5961576105160056,2.0185395901781065
